Modified:,2024,,,,
Tag,Display as,Topic,Topic code,Short note,Long note
Impermanence,,The Human Dillema,human,,This page is currently incomplete.
Suffering,,,,,
Fear,,,,,
Sickness,,,,,
Ageing,,,,,
Death,,,,,
Grief,,,,,
Three Refuges,,The Three Refuges,refuges,,This page is currently incomplete.
Buddha,,,,,
Dhamma,,,,,
Saṅgha,,,,,
Generosity,,Foundations of Dhamma Practice,foundations,,This page is currently incomplete.
Goodwill,,,,,
Virtue,,,,,
Precepts,,,,,
Renunciation,,,,,
Four Noble Truths,,The Four Noble Truths,truths,,This page is currently incomplete.
Noble Truth of Suffering,,,,,
Cause of Suffering,Noble Truth of the Cause of Suffering,,,,
Cessation of Suffering,Noble Truth of the Cessation of Suffering,,,,
Eightfold Path,,The Noble Eightfold Path,path,Includes only path factors with substantial coverage in the Archive.,This page is currently incomplete.
Right View,,,,,
Right Speech,,,,,
Right Livelihood,,,,,
Right Effort,,,,,
Right Mindfulness,,,,,
Right Concentration,,,,,
Meditation,,Meditation Practices,meditation,,This page is currently incomplete.
Meditation/General advice,General advice,,,,
Mindfulness of body,,,,,
Mindfulness of breathing,,,,,
Chanting,,,,,
Recollection,,,,,
Directed thought and evaluation,Thinking,,,,
Continuity of mindfulness,,,,,
Jhāna,,,,,
Present moment awareness,,,,,
Direct experience,,,,,
Knowing itself,,,,,
Long-term practice,,,,,
Faith,,Skillful Qualities,skillful,,This page is currently incomplete.
Energy,,,,,
Mindfulness,,,,,
Concentration,,,,,
Discernment,,,,,
Desire,Skillful desire,,,,
Patience,,,,,
Happiness,,,,,
Gratitude,,,,,
Compassion,,,,,
Equanimity,,,,,
Unwholesome Roots,Defilements,Unskillful Qualites,unskillful,,This page is currently incomplete.
Sensual desire,,,,,
Aversion,,,,,
Sloth and torpor,,,,,
Restlessness and worry,,,,,
Doubt,,,,,
Delusion,,,,,
Proliferation,,,,,
Self-identity view,,,,,
Dependent origination,,Dependent origination,origination,Includes only links with substantial coverage in the Archive.,This page is currently incomplete.
Volitional formations,,,,,
Consciousness,,,,,
Aggregates,Name and form,,,,
Sense bases,,,,,
Contact,,,,,
Feeling,,,,,
Craving,,,,,
Clinging,,,,,
Becoming,,,,,
Conditionality,,Buddhist Perspectivies on the World,perspectives,,This page is currently incomplete.
Kamma,,,,,
Rebirth,,,,,
Not-self,,,,,
Nature of mind,,,,,
Cessation,,Fruits of the Practice,fruits,,This page is currently incomplete.
Relinquishment,,,,,
Liberation,,,,,
Stream entry,,,,,
Nibbāna,,,,,
Buddha/Biography,,Teachers,teachers,,This page is currently incomplete.
Ajahn Mun,,,,,
Ajahn Chah,,,,,
Ajahn Sumedho,,,,,
Ajahn Pasanno,,,,,
Teaching Dhamma,,,,,
Wat Pah Pong,,Monasteries,monasteries,,This page is currently incomplete.
Wat Pah Nanachat,,,,,
Abhayagiri,,,,,
Culture/Natural environment,Natural environment,Context of the Teachings,context,,This page is currently incomplete.
History/Thai Buddhism,,,,,
Culture/Thailand,,,,,
Culture/West,,,,,
Monastic life,,Monastic Life,monastic,,This page is currently incomplete.
Monastic life/Motivation,,,,,
Thai Forest Tradition,,,,,
Vinaya,,,,,
Almsround,,,,,
Ascetic practices,,,,,
Tudong,,,,,
Everyday life,,Everyday Life Practice,everyday,,This page is currently incomplete.
Lay life,,,,,
Family,,,,,
Relationships,,,,,
Work,,,,,
Environment,,,,,
Politics and society,,,,,
Commerce/economics,,,,,
Health care,,,,,