Modified:,2024,,,,,
Topic,Flags,Display as,Heading,Heading code,Short note,Long note
Impermanence,,,The Human Dillema,human,,This page needs many more featured excerpts with these tags to be complete. Please help suggest featured excerpts.
Suffering,,,,,,
Fear,,,,,,
Sickness,,,,,,
Ageing,,,,,,
Death,,,,,,
Recollection/Death,.,,,,,
Grief,,,,,,
,,,,,,
Three Refuges,h,,The Three Refuges,refuges,,This page needs many more featured excerpts with these tags to be complete. Please help suggest featured excerpts.
Buddha,,,,,,
Recollection/Buddha,.,,,,,
Dhamma,,,,,,
Recollection/Dhamma,.,,,,,
Saṅgha,,,,,,
Recollection/Saṅgha,.,,,,,
,,,,,,
Generosity,,,Foundations of Dhamma Practice,foundations,,This page needs many more featured excerpts with these tags to be complete. Please help suggest featured excerpts.
Recollection/Generosity,.,,,,,
Goodwill,,,,,,
Virtue,,,,,,
Recollection/Virtue,.,,,,,
Precepts,,,,,,
Five Precepts,.,,,,,
Eight Precepts,.,,,,,
Renunciation,,,,,,
,,,,,,
Four Noble Truths,h,,The Four Noble Truths,truths,The Fourth Noble Truth of the Path to the Cessation of Suffering is equivalent to the Noble Eightfold Path below.,The Fourth Noble Truth of the Path to the Cessation of Suffering is equivalent to the [Noble Eightfold Path](topicList:path).<br>This page needs many more featured excerpts with these tags to be complete. Please help suggest featured excerpts.
Noble Truth of Suffering,,Suffering,,,,
Cause of Suffering,,,,,,
Cessation of Suffering,,,,,,
,,,,,,
Eightfold Path,h,,The Noble Eightfold Path,path,Includes only path factors with substantial coverage in the Archive.,This page needs many more featured excerpts with these tags to be complete. Please help suggest featured excerpts.
Right View,,,,,,
Right Speech,,,,,,
False speech,.,,,,,
Malicious speech,.,,,,,
Harsh speech,.,,,,,
Idle chatter,.,,,,,
Admonishment/feedback,.,,,,,
Right Livelihood,,,,,,
Right Effort,,,,,,
Right Mindfulness,,,,,,
Right Concentration,,,,,,
,,,,,,
Meditation,h,,Meditation Practices,meditation,,This page needs many more featured excerpts with these tags to be complete. Please help suggest featured excerpts.
Meditation/General advice,.,,,,,
Mindfulness of body,,,,,,
Mindfulness of breathing,,,,,,
Chanting,,,,,,
Recollection,,,,,,
Directed thought and evaluation,,Thinking,,,,
Continuity of mindfulness,,,,,,
Jhāna,,,,,,
Present moment awareness,,,,,,
Direct experience,,,,,,
Knowing itself,,,,,,
Long-term practice,,,,,,
,,,,,,
Faith,,,Skillful Qualities,skillful,,This page needs many more featured excerpts with these tags to be complete. Please help suggest featured excerpts.
Energy,,,,,,
Mindfulness,,,,,,
Concentration,,,,,,
Discernment,,,,,,
Desire,,Skillful desire,,,,
Patience,,,,,,
Happiness,,,,,,
Gratitude,,,,,,
Compassion,,,,,,
Equanimity,,,,,,
,,,,,,
Unwholesome Roots,h,Defilements,Unskillful Qualites,unskillful,,This page needs many more featured excerpts with these tags to be complete. Please help suggest featured excerpts.
Unskillful qualities,.,,,,,
Hindrances,,,,,,
Sensual desire,,,,,,
Aversion,,,,,,
Ill-will,-,,,,,
Sloth and torpor,,,,,,
Restlessness and worry,,,,,,
Doubt,,,,,,
Delusion,,,,,,
Proliferation,,,,,,
Self-identity view,,,,,,
,,,,,,
Dependent origination,h,,Dependent origination,origination,Includes only links with substantial coverage in the Archive.,This page needs many more featured excerpts with these tags to be complete. Please help suggest featured excerpts.
Volitional formations,,,,,,
Consciousness,,,,,,
Aggregates,,Name and form,,,,
Sense bases,,,,,,
Contact,,,,,,
Feeling,,,,,,
Craving,,,,,,
Clinging,,,,,,
Becoming,,,,,,
,,,,,,
Conditionality,,,Buddhist Perspectivies on the World,perspectives,,This page needs many more featured excerpts with these tags to be complete. Please help suggest featured excerpts.
Kamma,,,,,,
Rebirth,,,,,,
Not-self,,,,,,
Nature of mind,,,,,,
,,,,,,
Cessation,,,Fruits of the Practice,fruits,,This page needs many more featured excerpts with these tags to be complete. Please help suggest featured excerpts.
Relinquishment,,,,,,
Liberation,,,,,,
Release,",",,,,,
Stream entry,,,,,,
Nibbāna,,,,,,
,,,,,,
Buddha/Biography,,The Buddha,Teachers,teachers,,This page needs many more featured excerpts with these tags to be complete. Please help suggest featured excerpts.
Ajahn Mun,,,,,,
Ajahn Chah,,,,,,
Ajahn Sumedho,,,,,,
Ajahn Pasanno,,,,,,
Teaching Dhamma,,,,,,
,,,,,,
Wat Pah Pong,,,Monasteries,monasteries,,This page needs many more featured excerpts with these tags to be complete. Please help suggest featured excerpts.
Wat Pah Nanachat,,,,,,
Abhayagiri,,,,,,
,,,,,,
Culture/Natural environment,,Natural environment,Context of the Teachings,context,,This page needs many more featured excerpts with these tags to be complete. Please help suggest featured excerpts.
History/Thai Buddhism,,Thai culture,,,,
Culture/Thailand,.,,,,,
Culture/West,,Western culture,,,,
,,,,,,
Monastic life,h,,Monastic Life,monastic,,This page needs many more featured excerpts with these tags to be complete. Please help suggest featured excerpts.
Monastic life/Motivation,,Motivation,,,,
Thai Forest Tradition,,,,,,
Vinaya,,,,,,
Almsround,,,,,,
Ascetic practices,,,,,,
Tudong,,,,,,
,,,,,,
Everyday life,h,,Everyday Life Practice,everyday,,This page needs many more featured excerpts with these tags to be complete. Please help suggest featured excerpts.
Lay life,,,,,,
Family,,,,,,
Parents,.,,,,,
Children,.,,,,,
Relationships,,,,,,
Work,,,,,,
Environment,,,,,,
Politics and society,,,,,,
Commerce/economics,,,,,,
Health care,,,,,,