Count,116,667,35,332,33,16,,21,52,3,692,308,659,659
Level,Flags,Full tag,#,Pāli,Abbreviation,Pāli abbreviation,Alternate translations,Subsumed under,Related,Related 2,Indented tags,Pali term,Tag menu,Pali tag menu
1,,Skillful qualities,,kusalā dhammā,,,,,,,Skillful qualities,kusalā dhammā,Skillful qualities,Skillful qualities [kusalā dhammā]
2,,Middle Path,,majjhimā paṭipadā,,,,,,,   Middle Path,majjhimā paṭipadā,Middle Path,Middle Path [majjhimā paṭipadā]
2,,Noble Eightfold Path,8,ariyo aṭṭaṅgiko maggo,Eightfold Path,aṭṭaṅgiko maggo,,,,,   Noble Eightfold Path,aṭṭaṅgiko maggo,Eightfold Path,Eightfold Path [aṭṭaṅgiko maggo]
3,,Right view,,sammā diṭṭhi,,,,,Four Noble Truths,,      Right view,sammā diṭṭhi,Right view,Right view [sammā diṭṭhi]
3,,Right intention,3,sammā saṅkappo,,,,,,,      Right intention,sammā saṅkappo,Right intention,Right intention [sammā saṅkappo]
4,*,Renunciation,,nekkhamma,,,,,,,         Renunciation,nekkhamma,Renunciation,Renunciation [nekkhamma]
4,,Non-ill-will,,abyāpāda,,,,Goodwill,,,         Non-ill-will,abyāpāda,,
4,,Non-cruelty,,avihiṃsā,,,,Compassion,,,         Non-cruelty,avihiṃsā,,
3,,Right speech,4,sammā vācā,,,,,Energy,Patience,      Right speech,sammā vācā,Right speech,Right speech [sammā vācā]
4,.,Abstaining from:,,veramaṇī,,,,,,,         Abstaining from:,veramaṇī,,
4,*,False speech,,musā-vādā,,,,,,,         False speech,musā-vādā,False speech,False speech [musā-vādā]
4,,Malicious speech,,pisuṇāya vācāya,,,,,,,         Malicious speech,pisuṇāya vācāya,Malicious speech,Malicious speech [pisuṇāya vācāya]
4,,Harsh speech,,pharusāya vācāya,,,,,,,         Harsh speech,pharusāya vācāya,Harsh speech,Harsh speech [pharusāya vācāya]
4,,Idle chatter,,samphappalāpā,,,,,,,         Idle chatter,samphappalāpā,Idle chatter,Idle chatter [samphappalāpā]
4,0*,Admonishment/feedback,,,,,,,,,         Admonishment/feedback,,Admonishment/feedback,Admonishment/feedback
4,0,Listening,,,,,,,,,         Listening,,Listening,Listening
4,0,Blame and praise,,nindā ca pasaṃsā ca,,,,,,,         Blame and praise,nindā ca pasaṃsā ca,Blame and praise,Blame and praise [nindā ca pasaṃsā ca]
3,,Right action,3,samma kammanto,,,,,Precepts,,      Right action,samma kammanto,Right action,Right action [samma kammanto]
4,.,Abstaining from:,,veramaṇī,,,,,,,         Abstaining from:,veramaṇī,,
4,*,Killing,,pāṇātipātā,,,,,,,         Killing,pāṇātipātā,Killing,Killing [pāṇātipātā]
5,*,Vegetarianism,,,,,,,,,            Vegetarianism,,Vegetarianism,Vegetarianism
5,*,Suicide,,,,,,,,,            Suicide,,Suicide,Suicide
5,*,Euthanasia,,,,,,,,,            Euthanasia,,Euthanasia,Euthanasia
5,*,Abortion,,,,,,,,,            Abortion,,Abortion,Abortion
4,*,Stealing,,adinnādānā,,,,,,,         Stealing,adinnādānā,Stealing,Stealing [adinnādānā]
4,*,Sexual misconduct,,kāmesu micchācārā,,,,,,,         Sexual misconduct,kāmesu micchācārā,Sexual misconduct,Sexual misconduct [kāmesu micchācārā]
3,,Right livelihood,,sammā ājīvo,,,,,,,      Right livelihood,sammā ājīvo,Right livelihood,Right livelihood [sammā ājīvo]
3,*,Right effort,,sammā vāyāmo,,,,,Energy,,      Right effort,sammā vāyāmo,Right effort,Right effort [sammā vāyāmo]
3,*,Right mindfulness,4,sammā sati,,,,,Mindfulness,,      Right mindfulness,sammā sati,Right mindfulness,Right mindfulness [sammā sati]
4,*,Mindfulness of body,,kāyagatā-sati,,,,,,,         Mindfulness of body,kāyagatā-sati,Mindfulness of body,Mindfulness of body [kāyagatā-sati]
4,*,Mindfulness of feeling,,vedanā-sati,,,,,,,         Mindfulness of feeling,vedanā-sati,Mindfulness of feeling,Mindfulness of feeling [vedanā-sati]
4,*,Mindfulness of mind,,citta-sati,,,,,,,         Mindfulness of mind,citta-sati,Mindfulness of mind,Mindfulness of mind [citta-sati]
4,*,Mindfulness of dhammas,,dhammā-sati,,,,,Investigation of states,,         Mindfulness of dhammas,dhammā-sati,Mindfulness of dhammas,Mindfulness of dhammas [dhammā-sati]
4,0*,Ardency,,atapi,,,,,Energy,,         Ardency,atapi,Ardency,Ardency [atapi]
4,0*,Clear comprehension,,sampajañña,,,,,Discernment,,         Clear comprehension,sampajañña,Clear comprehension,Clear comprehension [sampajañña]
4,0,Mindfulness,,sati,,,,,,,         Mindfulness,sati,Mindfulness,Mindfulness [sati]
3,*,Right concentration,,sammā samādhi,,,,,Concentration,,      Right concentration,sammā samādhi,Right concentration,Right concentration [sammā samādhi]
4,*,,,Jhāna,,,,,,,         Jhāna,,Jhāna,Jhāna
4,,Seclusion,,viveka,,,,,,,         Seclusion,viveka,Seclusion,Seclusion [viveka]
4,*,Directed thought and evaluation,,vitakka-vicāra,,,Applied and sustained thought,,,,         Directed thought and evaluation,vitakka-vicāra,Directed thought and evaluation,Directed thought and evaluation [vitakka-vicāra]
4,,Rapture,,pīti,,,,,,,         Rapture,pīti,Rapture,Rapture [pīti]
4,*,Happiness,,sukha,,,Pleasure,,,,         Happiness,sukha,Happiness,Happiness [sukha]
,,,,,,,,,,,,,,
4,*,One pointedness,,ekaggatā,,,,,,,         One pointedness,ekaggatā,One pointedness,One pointedness [ekaggatā]
4,*,Formless attainments,,āruppa,,,,,,,         Formless attainments,āruppa,Formless attainments,Formless attainments [āruppa]
2,,Four Noble Truths,4,catūsu ariya-saccesu,,,,,,,   Four Noble Truths,catūsu ariya-saccesu,Four Noble Truths,Four Noble Truths [catūsu ariya-saccesu]
3,,Noble Truth of suffering,,dukkhaṃ ariya-saccaṃ,,,,,Suffering,,      Noble Truth of suffering,dukkhaṃ ariya-saccaṃ,Noble Truth of suffering,Noble Truth of suffering [dukkhaṃ ariya-saccaṃ]
4,*,Birth,,jāti,,,,,,,         Birth,jāti,Birth,Birth [jāti]
4,,Ageing,,jarā,,,,,,,         Ageing,jarā,Ageing,Ageing [jarā]
4,,Sickness,,byādi,,,,,,,         Sickness,byādi,Sickness,Sickness [byādi]
4,,Death,,maraṇa,,,,,,,         Death,maraṇa,Death,Death [maraṇa]
4,*,Pain,,dukkha,,,,,,,         Pain,dukkha,Pain,Pain [dukkha]
4,,Grief,,domanassa,,,,,,,         Grief,domanassa,Grief,Grief [domanassa]
4,,Five aggregates affected by clinging,,pañcupādānakkhandhā,,,,Aggregates,,,         Five aggregates affected by clinging,pañcupādānakkhandhā,,
3,,Noble Truth of the cause of suffering,3,dukkha-samudayo ariya-saccaṃ,Cause of suffering,dukkha-samudayo,,,Craving,,      Noble Truth of the cause of suffering,dukkha-samudayo,Cause of suffering,Cause of suffering [dukkha-samudayo]
4,,Craving for sensuality,,kāma-taṇhā,,,,Sensual desire,,,         Craving for sensuality,kāma-taṇhā,,
4,,Craving to become,,bhava-taṇhā,,,,Becoming,,,         Craving to become,bhava-taṇhā,,
4,*,Craving not to become,,vibhava-taṇhā,,,,,,,         Craving not to become,vibhava-taṇhā,Craving not to become,Craving not to become [vibhava-taṇhā]
3,,Noble Truth of the cessation of suffering,,dukkha-nirodho ariya-saccaṃ,Cessation of suffering,dukkha-nirodho,,,Cessation,Progress of insight,      Noble Truth of the cessation of suffering,dukkha-nirodho,Cessation of suffering,Cessation of suffering [dukkha-nirodho]
3,,Noble Truth of the path to the cessation of suffering,,dukkha-nirodha-gāminī paṭipadā ariya-saccaṃ,Path to the cessation of suffering,dukkha-nirodha-gāminī paṭipadā,,Eightfold Path,,,      Noble Truth of the path to the cessation of suffering,dukkha-nirodha-gāminī paṭipadā,,
4,,Dispassion,,virāga,,,,,,,         Dispassion,virāga,Dispassion,Dispassion [virāga]
4,,Cessation,,nirodha,,,,,,,         Cessation,nirodha,Cessation,Cessation [nirodha]
4,,Relinquishment,,paṭinissagga,,,,,Release,,         Relinquishment,paṭinissagga,Relinquishment,Relinquishment [paṭinissagga]
4,,Release,,vossagga,,,,,Relinquishment,,         Release,vossagga,Release,Release [vossagga]
4,,Liberation,,vimutti,,,Freedom,,,,         Liberation,vimutti,Liberation,Liberation [vimutti]
2,*,Divine Abidings,4,brahmavihārā,,,,,,,   Divine Abidings,brahmavihārā,Divine Abidings,Divine Abidings [brahmavihārā]
3,*,Goodwill,,mettā,,,,,,,      Goodwill,mettā,Goodwill,Goodwill [mettā]
3,*,Compassion,,karuṇā,,,,,,,      Compassion,karuṇā,Compassion,Compassion [karuṇā]
3,*,Empathetic joy,,muditā,,,,,,,      Empathetic joy,muditā,Empathetic joy,Empathetic joy [muditā]
3,*,Equanimity,,upekkhā,,,,,,,      Equanimity,upekkhā,Equanimity,Equanimity [upekkhā]
2,,Five Faculties,5,indriya,Faculties,,,,,,   Five Faculties,indriya,Faculties,Faculties [indriya]
3,*,Faith,,saddhā,,,,,,,      Faith,saddhā,Faith,Faith [saddhā]
3,*,Energy,,viriya,,,,,,,      Energy,viriya,Energy,Energy [viriya]
3,*,Mindfulness,,sati,,,,,,,      Mindfulness,sati,Mindfulness,Mindfulness [sati]
3,*,Concentration,,samādhi,,,,,,,      Concentration,samādhi,Concentration,Concentration [samādhi]
3,*,Discernment,,paññā,,,,,,,      Discernment,paññā,Discernment,Discernment [paññā]
2,,Seven Factors of Awakening,7,bojjhaṅga,Factors of Awakening,,,,,,   Seven Factors of Awakening,bojjhaṅga,Factors of Awakening,Factors of Awakening [bojjhaṅga]
3,,Mindfulness,,sati,,,,,Right mindfulness,,      Mindfulness,sati,Mindfulness,Mindfulness [sati]
3,,Investigation of states,,dhamma-vicaya,,,,,Mindfulness of dhammas,,      Investigation of states,dhamma-vicaya,Investigation of states,Investigation of states [dhamma-vicaya]
3,,Energy,,viriya,,,,,Right effort,,      Energy,viriya,Energy,Energy [viriya]
3,*,Rapture,,pīti,,,,,,,      Rapture,pīti,Rapture,Rapture [pīti]
3,,Tranquility,,passaddhi,,,,,,,      Tranquility,passaddhi,Tranquility,Tranquility [passaddhi]
3,,Concentration,,samādhi,,,,,,,      Concentration,samādhi,Concentration,Concentration [samādhi]
3,,Equanimity,,upekkhā,,,,,,,      Equanimity,upekkhā,Equanimity,Equanimity [upekkhā]
2,,Four Bases of Success,4,cattāro iddhipādā,Bases of Success,iddhipādā,,,,,   Four Bases of Success,iddhipādā,Bases of Success,Bases of Success [iddhipādā]
3,.,Concentration based on exertion and,,sa­mā­dhi­­p­padhāna­saṅkhā­rasa­ma­n­nāga­taṁ,,,,,,,      Concentration based on exertion and,sa­mā­dhi­­p­padhāna­saṅkhā­rasa­ma­n­nāga­taṁ,,
3,,Desire,,chanda,,,,,,,      Desire,chanda,Desire,Desire [chanda]
3,,Energy,,viriya,,,,,,,      Energy,viriya,Energy,Energy [viriya]
3,,Heart/mind,,citta,,,,,,,      Heart/mind,citta,Heart/mind,Heart/mind [citta]
3,,Investigation,,vīmaṃsā,,,,Investigation of states,,,      Investigation,vīmaṃsā,,
2,,Ten Perfections,10,dasa pāramiyo,Perfections,pāramiyo,,,,,   Ten Perfections,pāramiyo,Perfections,Perfections [pāramiyo]
3,,Generosity,,dāna,,,,,,,      Generosity,dāna,Generosity,Generosity [dāna]
3,,Virtue,,sīla,,,,,Precepts,,      Virtue,sīla,Virtue,Virtue [sīla]
3,,Renunciation,,nekkhamma,,,,,,,      Renunciation,nekkhamma,Renunciation,Renunciation [nekkhamma]
3,,Discernment,,paññā,,,,,,,      Discernment,paññā,Discernment,Discernment [paññā]
3,,Energy,,viriya,,,,,Right effort,,      Energy,viriya,Energy,Energy [viriya]
3,,Patience,,khanti,,,,,,,      Patience,khanti,Patience,Patience [khanti]
3,,Truth,,sacca,,,,,False speech,,      Truth,sacca,Truth,Truth [sacca]
3,,Determination,,adhiṭṭhāna,,,,,,,      Determination,adhiṭṭhāna,Determination,Determination [adhiṭṭhāna]
3,,Goodwill,,mettā,,,,,,,      Goodwill,mettā,Goodwill,Goodwill [mettā]
3,,Equanimity,,upekkhā,,,,,,,      Equanimity,upekkhā,Equanimity,Equanimity [upekkhā]
2,,Seven Treasures,7,satta dhana,Treasures,dhana,,,,,   Seven Treasures,dhana,Treasures,Treasures [dhana]
3,,Faith,,saddhā,,,,,,,      Faith,saddhā,Faith,Faith [saddhā]
3,*,Virtue,,sīla,,,,,,,      Virtue,sīla,Virtue,Virtue [sīla]
3,*2,Conscience and prudence,,hiri-otappa,,,Moral shame and moral dread,,,,      Conscience and prudence,hiri-otappa,Conscience and prudence,Conscience and prudence [hiri-otappa]
3,*,Learning,,suta,,,,,,,      Learning,suta,Learning,Learning [suta]
4,,,,Sutta,,,,,,,         Sutta,,Sutta,Sutta
4,,,,Āgama,,,,,,,         Āgama,,Āgama,Āgama
4,,,,Abhidhamma,,,,,,,         Abhidhamma,,Abhidhamma,Abhidhamma
4,,Commentaries,,,,,,,,,         Commentaries,,Commentaries,Commentaries
3,*,Generosity,,dāna,,,,,,,      Generosity,dāna,Generosity,Generosity [dāna]
3,,Discernment,,paññā,,,,,,,      Discernment,paññā,Discernment,Discernment [paññā]
2,,Progress of insight,,,,,,,,,   Progress of insight,,Progress of insight,Progress of insight
3,*,Seclusion,,viveka,,,,,,,      Seclusion,viveka,Seclusion,Seclusion [viveka]
3,,Concentration,,samādhi,,,,,,,      Concentration,samādhi,Concentration,Concentration [samādhi]
3,,Knowledge and vision,,ñāṇadassana,,,,,,,      Knowledge and vision,ñāṇadassana,Knowledge and vision,Knowledge and vision [ñāṇadassana]
3,,Disenchantment,,nibbidā,,,,,,,      Disenchantment,nibbidā,Disenchantment,Disenchantment [nibbidā]
3,*,Dispassion,,virāga,,,,,,,      Dispassion,virāga,Dispassion,Dispassion [virāga]
3,*,Cessation,,nirodha,,,,,,,      Cessation,nirodha,Cessation,Cessation [nirodha]
3,*,Relinquishment,,paṭinissagga,,,,,Release,,      Relinquishment,paṭinissagga,Relinquishment,Relinquishment [paṭinissagga]
3,*,Release,,vossagga,,,,,Relinquishment,,      Release,vossagga,Release,Release [vossagga]
3,*,Liberation,,vimutti,,,Freedom,,,,      Liberation,vimutti,Liberation,Liberation [vimutti]
,,,,,,,,,,,,,,
2,,Stages of awakening,4,,,,,,,,   Stages of awakening,,Stages of awakening,Stages of awakening
3,,Stream entry,4,sotāpanna,,,,,,,      Stream entry,sotāpanna,Stream entry,Stream entry [sotāpanna]
4,0,Factors for stream entry:,,sotāpattiyaṅgaṁ,Factors for stream entry,,,,,,         Factors for stream entry:,sotāpattiyaṅgaṁ,Factors for stream entry,Factors for stream entry [sotāpattiyaṅgaṁ]
4,,Association with people of integrity,,sappurisasaṁseva,,,,,,,         Association with people of integrity,sappurisasaṁseva,Association with people of integrity,Association with people of integrity [sappurisasaṁseva]
5,,Spiritual friendship,,kalyāṇa-mittatā,,,,,,,            Spiritual friendship,kalyāṇa-mittatā,Spiritual friendship,Spiritual friendship [kalyāṇa-mittatā]
4,,Hearing the true Dhamma,,saddhammassavana,,,,,,,         Hearing the true Dhamma,saddhammassavana,Hearing the true Dhamma,Hearing the true Dhamma [saddhammassavana]
4,,Appropriate attention,,yonisomanasikā,,,,,,,         Appropriate attention,yonisomanasikā,Appropriate attention,Appropriate attention [yonisomanasikā]
4,,Practicing in accordance with Dhamma,,dhammā­nu­dhamma­p­paṭipatti,,,,,,,         Practicing in accordance with Dhamma,dhammā­nu­dhamma­p­paṭipatti,Practicing in accordance with Dhamma,Practicing in accordance with Dhamma [dhammā­nu­dhamma­p­paṭipatti]
3,,Once return,,sakadāgāmi,,,,,,,      Once return,sakadāgāmi,Once return,Once return [sakadāgāmi]
3,,Non-return,,anāgamī,,,,,,,      Non-return,anāgamī,Non-return,Non-return [anāgamī]
3,,,,Arahant,,,,,,,      Arahant,,Arahant,Arahant
3,0,,,Bodhisattva,,,,,,,      Bodhisattva,,Bodhisattva,Bodhisattva
3,0,,,Nibbāna,,,,,,,      Nibbāna,,Nibbāna,Nibbāna
2,,Heedfulness,,appamāda,,,,,,,   Heedfulness,appamāda,Heedfulness,Heedfulness [appamāda]
3,,Sense of urgency,,saṃvega,,,,,,,      Sense of urgency,saṃvega,Sense of urgency,Sense of urgency [saṃvega]
3,,Spiritual search,,ariyā pariyesanā,,,,,,,      Spiritual search,ariyā pariyesanā,Spiritual search,Spiritual search [ariyā pariyesanā]
2,,Gratitude,,kataññu,,,,,,,   Gratitude,kataññu,Gratitude,Gratitude [kataññu]
2,,Merit,,puññā,,,,,,,   Merit,puññā,Merit,Merit [puññā]
2,,Forgiveness,,,,,,,,,   Forgiveness,,Forgiveness,Forgiveness
2,,Contentment,,santuṭṭhi,,,,,,,   Contentment,santuṭṭhi,Contentment,Contentment [santuṭṭhi]
2,,Trust,,,,,,,,,   Trust,,Trust,Trust
2,,Courage,,,,,,,,,   Courage,,Courage,Courage
2,,Humility,,,,,,,,,   Humility,,Humility,Humility
2,,Dignity,,,,,,,,,   Dignity,,Dignity,Dignity
2,,Non-contention,,,,,,,,,   Non-contention,,Non-contention,Non-contention
2,,Self-reliance,,,,,,,,,   Self-reliance,,Self-reliance,Self-reliance
,,,,,,,,,,,,,,
,,,,,,,,,,,,,,
1,,Unskillful qualities,,akusalā dhammā,,,,,,,Unskillful qualities,akusalā dhammā,Unskillful qualities,Unskillful qualities [akusalā dhammā]
2,,Three Unwholesome Roots,3,akusala-mulā,Unwholesome Roots,,,,,,   Three Unwholesome Roots,akusala-mulā,Unwholesome Roots,Unwholesome Roots [akusala-mulā]
3,,Greed,,lobha,,,,,Generosity,,      Greed,lobha,Greed,Greed [lobha]
3,,Aversion,,dosa,,,,,Ill-will,,      Aversion,dosa,Aversion,Aversion [dosa]
3,,Delusion,,moha,,,,,,,      Delusion,moha,Delusion,Delusion [moha]
,,,,,,,,,,,,,,
2,,Outflows,,āsavā,,,,,,,   Outflows,āsavā,Outflows,Outflows [āsavā]
3,,Sensuality,,kāmāsava,,,,Sensual desire,,,      Sensuality,kāmāsava,,
3,*,Becoming,,bhavāsava,,,,,,,      Becoming,bhavāsava,Becoming,Becoming [bhavāsava]
3,*,Ignorance,,avijjāsava,,,,,,,      Ignorance,avijjāsava,Ignorance,Ignorance [avijjāsava]
3,,Views,,diṭṭhāsava,,,,,,,      Views,diṭṭhāsava,Views,Views [diṭṭhāsava]
2,*,Five Hindrances,5,pañca nīvaraṇāni,Hindrances,nīvaraṇāni,,,,,   Five Hindrances,nīvaraṇāni,Hindrances,Hindrances [nīvaraṇāni]
3,*,Sensual desire,,kāmacchanda,,,,,Renunciation,,      Sensual desire,kāmacchanda,Sensual desire,Sensual desire [kāmacchanda]
3,*,Ill-will,,byāpāda,,,,,Goodwill,,      Ill-will,byāpāda,Ill-will,Ill-will [byāpāda]
3,*,Sloth and torpor,,thīna-middha,,,,,Energy,,      Sloth and torpor,thīna-middha,Sloth and torpor,Sloth and torpor [thīna-middha]
3,*,Restlessness and worry,,uddhacca-kukkucca,,,,,Tranquility,,      Restlessness and worry,uddhacca-kukkucca,Restlessness and worry,Restlessness and worry [uddhacca-kukkucca]
3,*,Doubt,,vicikiccha,,,,,Faith,,      Doubt,vicikiccha,Doubt,Doubt [vicikiccha]
2,,Ten Fetters,10,dasa samyojana,Fetters,dasa samyojana,,,,,   Ten Fetters,dasa samyojana,Fetters,Fetters [dasa samyojana]
3,*,Self-identity view,,sakkāya-diṭṭhi,,,,,,,      Self-identity view,sakkāya-diṭṭhi,Self-identity view,Self-identity view [sakkāya-diṭṭhi]
3,,Doubt,,vicikiccha,,,,,,,      Doubt,vicikiccha,Doubt,Doubt [vicikiccha]
3,,Attachment to rites and rituals,,sīlabbata-parāmāsa,,,,,,,      Attachment to rites and rituals,sīlabbata-parāmāsa,Attachment to rites and rituals,Attachment to rites and rituals [sīlabbata-parāmāsa]
3,,Sensual desire,,kāmacchanda,,,,,,,      Sensual desire,kāmacchanda,Sensual desire,Sensual desire [kāmacchanda]
3,,Ill-will,,byāpāda,,,,,,,      Ill-will,byāpāda,Ill-will,Ill-will [byāpāda]
3,,Craving for material existence,,rūparāga,,,,,Deva,,      Craving for material existence,rūparāga,Craving for material existence,Craving for material existence [rūparāga]
3,,Craving for immaterial existence,,arūparāga,,,,,Deva,,      Craving for immaterial existence,arūparāga,Craving for immaterial existence,Craving for immaterial existence [arūparāga]
3,*,Conceit,,māna,,,,,,,      Conceit,māna,Conceit,Conceit [māna]
3,,Restlessness,,uddhacca,,,,Restlessness and worry,,,      Restlessness,uddhacca,,
3,,Ignorance,,avijjā,,,,,,,      Ignorance,avijjā,Ignorance,Ignorance [avijjā]
2,,Heedlessness,,pamāda,,,,,,,   Heedlessness,pamāda,Heedlessness,Heedlessness [pamāda]
2,,Defilement,,kilesa,,,,Unwholesome Roots,,,   Defilement,kilesa,,
2,,Proliferation,,papañca,,,,,,,   Proliferation,papañca,Proliferation,Proliferation [papañca]
2,.,Conceit-related,,,,,,,,,   Conceit-related,,,
3,,Self-identity view,,sakkāya-diṭṭhi,,,,,,,      Self-identity view,sakkāya-diṭṭhi,Self-identity view,Self-identity view [sakkāya-diṭṭhi]
3,,Conceit,,māna,,,,,,,      Conceit,māna,Conceit,Conceit [māna]
3,,Judgementalism,,,,,,,,,      Judgementalism,,Judgementalism,Judgementalism
3,,Perfectionism,,,,,,,,,      Perfectionism,,Perfectionism,Perfectionism
3,,Jealousy,,,,,,,,,      Jealousy,,Jealousy,Jealousy
3,,Competitiveness,,,,,,,,,      Competitiveness,,Competitiveness,Competitiveness
3,,Selfishness,,,,,,,,,      Selfishness,,Selfishness,Selfishness
3,,Guilt/shame/inadequacy,,,,,,,,,      Guilt/shame/inadequacy,,Guilt/shame/inadequacy,Guilt/shame/inadequacy
3,,Self-pity,,,,,,,,,      Self-pity,,Self-pity,Self-pity
2,,Depression,,,,,,,,,   Depression,,Depression,Depression
2,,Abuse,,,,,,,,,   Abuse,,Abuse,Abuse
2,,Addiction,,,,,,,,,   Addiction,,Addiction,Addiction
2,,Dogmatism,,,,,,,,,   Dogmatism,,Dogmatism,Dogmatism
2,,Spiritual bypass,,,,,,,,,   Spiritual bypass,,Spiritual bypass,Spiritual bypass
,,,,,,,,,,,,,,
1,.,Indeterminate qualities,,abyākatā dhammā,,,,,,,Indeterminate qualities,abyākatā dhammā,,
2,,Five Aggregates,5,pañcakkhandhā,Aggregates,khandhā,,,,,   Five Aggregates,khandhā,Aggregates,Aggregates [khandhā]
3,*,Form,,rūpa,,,Body,,,,      Form,rūpa,Form,Form [rūpa]
3,*,Feeling,,vedanā,,,,,,,      Feeling,vedanā,Feeling,Feeling [vedanā]
3,*,Perception,,sañña,,,,,,,      Perception,sañña,Perception,Perception [sañña]
3,*,Volitional formations,,saṅkhāra,,,,,,,      Volitional formations,saṅkhāra,Volitional formations,Volitional formations [saṅkhāra]
3,*,Consciousness,,viññāṇa,,,,,,,      Consciousness,viññāṇa,Consciousness,Consciousness [viññāṇa]
2,*,Conditionality,,idappaccayatā,,,,,,,   Conditionality,idappaccayatā,Conditionality,Conditionality [idappaccayatā]
2,,Dependent origination,12,paticca-samuppāda,,,,,,,   Dependent origination,paticca-samuppāda,Dependent origination,Dependent origination [paticca-samuppāda]
3,,Ignorance,,avijjā,,,,,Delusion,,      Ignorance,avijjā,Ignorance,Ignorance [avijjā]
3,,Volitional formations,,saṇkhāra,,,,,,,      Volitional formations,saṇkhāra,Volitional formations,Volitional formations [saṇkhāra]
3,,Consciousness,,viññāṇa,,,,,,,      Consciousness,viññāṇa,Consciousness,Consciousness [viññāṇa]
3,,Name and form,,nāma-rūpa,,,,Aggregates,,,      Name and form,nāma-rūpa,,
3,,Six Sense Bases,,saḷ-āyatana,Sense bases,āyatana,,,,,      Six Sense Bases,āyatana,Sense bases,Sense bases [āyatana]
3,,Contact,,phassa,,,,,,,      Contact,phassa,Contact,Contact [phassa]
3,,Feeling,,vedanā,,,,,,,      Feeling,vedanā,Feeling,Feeling [vedanā]
3,,Craving,,taṇhā,,,,,,,      Craving,taṇhā,Craving,Craving [taṇhā]
4,,Craving for sensuality,,kāma-taṇhā,,,,Sensual desire,,,         Craving for sensuality,kāma-taṇhā,,
4,,Craving to become,,bhava-taṇhā,,,,Becoming,,,         Craving to become,bhava-taṇhā,,
4,,Craving not to become,,vibhava-taṇhā,,,,,,,         Craving not to become,vibhava-taṇhā,Craving not to become,Craving not to become [vibhava-taṇhā]
3,,Clinging,,upādāna,,,,,,,      Clinging,upādāna,Clinging,Clinging [upādāna]
4,,Sensuality-clinging,,kāmupādāna,,,,Sensual desire,,,         Sensuality-clinging,kāmupādāna,,
4,,View-clinging,,diṭṭhupādāna,,,,Views,,,         View-clinging,diṭṭhupādāna,,
4,,Rites-and-rituals clinging,,sīlabbatupādāna,,,,Attachment to rites and rituals,,,         Rites-and-rituals clinging,sīlabbatupādāna,,
4,,Doctrine-of-self clinging,,attavādupādāna,,,,,,,         Doctrine-of-self clinging,attavādupādāna,Doctrine-of-self clinging,Doctrine-of-self clinging [attavādupādāna]
3,,Becoming,,bhava,,,,,,,      Becoming,bhava,Becoming,Becoming [bhava]
3,,Birth,,jāti,,,,,,,      Birth,jāti,Birth,Birth [jāti]
3,,Suffering,,dukkha,,,,,,,      Suffering,dukkha,Suffering,Suffering [dukkha]
2,,Characteristics of existence,3,,,,,,,,   Characteristics of existence,,Characteristics of existence,Characteristics of existence
3,*,Impermanence,,anicca,,,,,,,      Impermanence,anicca,Impermanence,Impermanence [anicca]
3,*,Suffering,,dukkha,,,,,,,      Suffering,dukkha,Suffering,Suffering [dukkha]
3,*,Not-self,,anatta,,,,,,,      Not-self,anatta,Not-self,Not-self [anatta]
3,0,Naturalness,,dhammaṭṭhitatā,,,,,,,      Naturalness,dhammaṭṭhitatā,Naturalness,Naturalness [dhammaṭṭhitatā]
3,0,Lawfulness,,dhammaniymatā,,,,,,,      Lawfulness,dhammaniymatā,Lawfulness,Lawfulness [dhammaniymatā]
3,0,Conditionality,,idapaccayatā,,,,,,,      Conditionality,idapaccayatā,Conditionality,Conditionality [idapaccayatā]
3,0,Emptiness,,suññatā,,,,,,,      Emptiness,suññatā,Emptiness,Emptiness [suññatā]
3,0,Suchness,,tathatā,,,,,,,      Suchness,tathatā,Suchness,Suchness [tathatā]
3,0,Not-made-of-that,,atammayatā,,,,,,,      Not-made-of-that,atammayatā,Not-made-of-that,Not-made-of-that [atammayatā]
,,,,,,,,,,,,,,
2,,Four Nutriments,4,cattāro āhārā,Nutriment,āhāra,,,,,   Four Nutriments,āhāra,Nutriment,Nutriment [āhāra]
3,,Physical food,,kabaḷīkāro āhāra,Food,āhāra,,,,,      Physical food,āhāra,Food,Food [āhāra]
3,*,Contact,,phassa,,,,,,,      Contact,phassa,Contact,Contact [phassa]
3,,Mental volition,,manosañcetanā,Volition,cetanā,,,,,      Mental volition,cetanā,Volition,Volition [cetanā]
3,,Consciousness,,viññāṇa,,,,,,,      Consciousness,viññāṇa,Consciousness,Consciousness [viññāṇa]
2,,Emotion,,,,,,,,,   Emotion,,Emotion,Emotion
2,,Attitude,,,,,,,,,   Attitude,,Attitude,Attitude
,,,,,,,,,,,,,,
2,,Personality,,,,,,,,,   Personality,,Personality,Personality
3,,Habits,,,,,,,,,      Habits,,Habits,Habits
3,,Humor,,,,,,,,,      Humor,,Humor,Humor
2,,Fear,,bhaya,,,,,,,   Fear,bhaya,Fear,Fear [bhaya]
2,,Idealism,,,,,,,,,   Idealism,,Idealism,Idealism
2,,Intuition,,,,,,,,,   Intuition,,Intuition,Intuition
1,,Three Refuges,3,tisaraṇa,,,,,,,Three Refuges,tisaraṇa,Three Refuges,Three Refuges [tisaraṇa]
2,,,,Buddha,,,,,,,   Buddha,,Buddha,Buddha
3,,Buddha/Biography,,,,,,,,,      Buddha/Biography,,Buddha/Biography,Buddha/Biography
3,,Buddha images,,,,,,,,,      Buddha images,,Buddha images,Buddha images
3,,Buddho mantra,,,,,,,,,      Buddho mantra,,Buddho mantra,Buddho mantra
2,,,,Dhamma,,,,,,,   Dhamma,,Dhamma,Dhamma
2,,,,Saṅgha,,,,,,,   Saṅgha,,Saṅgha,Saṅgha
1,,Devotional practice,,,,,,,Faith,,Devotional practice,,Devotional practice,Devotional practice
2,,Ceremony/ritual,,,,,,,,,   Ceremony/ritual,,Ceremony/ritual,Ceremony/ritual
3,,,,Pūjā,,,,,,,      Pūjā,,Pūjā,Pūjā
2,,Chanting,,,,,,,,,   Chanting,,Chanting,Chanting
3,,Protective chants,,paritta,,,,,,,      Protective chants,paritta,Protective chants,Protective chants [paritta]
2,,Festival days,,,,,,,,,   Festival days,,Festival days,Festival days
3,*,Lunar observance days,,uposatha,,,,,,,      Lunar observance days,uposatha,Lunar observance days,Lunar observance days [uposatha]
3,,,,Kaṭhina,,,,,,,      Kaṭhina,,Kaṭhina,Kaṭhina
3,,Ajahn Chah Remembrance Day,,,,,,,,,      Ajahn Chah Remembrance Day,,Ajahn Chah Remembrance Day,Ajahn Chah Remembrance Day
2,,Visiting holy sites,,,,,,,,,   Visiting holy sites,,Visiting holy sites,Visiting holy sites
2,,Objects of veneration,,,,,,,,,   Objects of veneration,,Objects of veneration,Objects of veneration
3,,Relics,,,,,,,,,      Relics,,Relics,Relics
3,,Stupas/monuments,,,,,,,,,      Stupas/monuments,,Stupas/monuments,Stupas/monuments
3,,Bodhi Tree,,,,,,,,,      Bodhi Tree,,Bodhi Tree,Bodhi Tree
3,*,Buddha images,,,,,,,,,      Buddha images,,Buddha images,Buddha images
3,,Malas,,,,,,,,,      Malas,,Malas,Malas
3,,Amulets,,,,,,,,,      Amulets,,Amulets,Amulets
2,,Funerals,,,,,,,,,   Funerals,,Funerals,Funerals
2,,Superstition,,,,,,,,,   Superstition,,Superstition,Superstition
,,,,,,,,,,,,,,
,,,,,,,,,,,,,,
1,,Precepts,,sikkhāpada,,,,,Virtue,,Precepts,sikkhāpada,Precepts,Precepts [sikkhāpada]
2,*,Five Precepts,5,pañca sikkhāpadāni,,,,,,,   Five Precepts,pañca sikkhāpadāni,Five Precepts,Five Precepts [pañca sikkhāpadāni]
3,.,Abstaining from:,,veramaṇī,,,,,,,      Abstaining from:,veramaṇī,,
3,,Killing,,pāṇātipātā,,,,,,,      Killing,pāṇātipātā,Killing,Killing [pāṇātipātā]
4,,Vegetarianism,,,,,,,,,         Vegetarianism,,Vegetarianism,Vegetarianism
4,,Suicide,,,,,,,,,         Suicide,,Suicide,Suicide
4,,Euthanasia,,,,,,,,,         Euthanasia,,Euthanasia,Euthanasia
4,,Abortion,,,,,,,,,         Abortion,,Abortion,Abortion
3,,Stealing,,adinnādānā,,,,,,,      Stealing,adinnādānā,Stealing,Stealing [adinnādānā]
3,,Sexual misconduct,,kāmesu micchācārā,,,,,,,      Sexual misconduct,kāmesu micchācārā,Sexual misconduct,Sexual misconduct [kāmesu micchācārā]
3,,False speech,,musā-vādā,,,,,Right speech,,      False speech,musā-vādā,False speech,False speech [musā-vādā]
3,*,Intoxicants,,surāmeraya-majja-pamādaṭṭhānā,,,,,,,      Intoxicants,surāmeraya-majja-pamādaṭṭhānā,Intoxicants,Intoxicants [surāmeraya-majja-pamādaṭṭhānā]
2,*,Eight Precepts,8,aṭṭha sikkhāpadāni,,,,,Renunciation,,   Eight Precepts,aṭṭha sikkhāpadāni,Eight Precepts,Eight Precepts [aṭṭha sikkhāpadāni]
3,.,Abstaining from:,,veramaṇī,,,,,,,      Abstaining from:,veramaṇī,,
3,,Killing,,pāṇātipātā,,,,,,,      Killing,pāṇātipātā,Killing,Killing [pāṇātipātā]
4,,Vegetarianism,,,,,,,,,         Vegetarianism,,Vegetarianism,Vegetarianism
4,,Suicide,,,,,,,,,         Suicide,,Suicide,Suicide
4,,Euthanasia,,,,,,,,,         Euthanasia,,Euthanasia,Euthanasia
4,,Abortion,,,,,,,,,         Abortion,,Abortion,Abortion
3,,Stealing,,adinnādānā,,,,,,,      Stealing,adinnādānā,Stealing,Stealing [adinnādānā]
3,,Sexual activity,,abrahmacariyā,,,,Celibacy,,,      Sexual activity,abrahmacariyā,,
3,,False speech,,musā-vādā,,,,,Right speech,,      False speech,musā-vādā,False speech,False speech [musā-vādā]
3,,Intoxicants,,surāmeraya-majja-pamādaṭṭhānā,,,,,,,      Intoxicants,surāmeraya-majja-pamādaṭṭhānā,Intoxicants,Intoxicants [surāmeraya-majja-pamādaṭṭhānā]
3,*,Eating after noon,,vikālabhojanā,,,,,Food,,      Eating after noon,vikālabhojanā,Eating after noon,Eating after noon [vikālabhojanā]
3,*,Entertainment and adornment,,nacca-gīta-vādita,,,,,Renunciation,,      Entertainment and adornment,nacca-gīta-vādita,Entertainment and adornment,Entertainment and adornment [nacca-gīta-vādita]
3,*,High and luxurious beds,,uccāsayana-mahāsayanā,,,,,Devotion to wakefulness,Energy,      High and luxurious beds,uccāsayana-mahāsayanā,High and luxurious beds,High and luxurious beds [uccāsayana-mahāsayanā]
2,,Monastic precepts,,,,,,Vinaya,,,   Monastic precepts,,,
,,,,,,,,,,,,,,
1,,Meditation,,bhāvanā,,,,,,,Meditation,bhāvanā,Meditation,Meditation [bhāvanā]
2,,Meditation/General advice,,,,,,,,,   Meditation/General advice,,Meditation/General advice,Meditation/General advice
2,,Right effort,,sammā vāyāmo,,,,,,,   Right effort,sammā vāyāmo,Right effort,Right effort [sammā vāyāmo]
2,,Four Foundations of Mindfulness,4,cattāro satipaṭṭhānā,Foundations of Mindfulness,satipaṭṭhānā,,Right mindfulness,,,   Four Foundations of Mindfulness,satipaṭṭhānā,,
3,,Mindfulness of body,,kāyagatā-sati,,,,,,,      Mindfulness of body,kāyagatā-sati,Mindfulness of body,Mindfulness of body [kāyagatā-sati]
3,,Mindfulness of feeling,,vedanā-sati,,,,,,,      Mindfulness of feeling,vedanā-sati,Mindfulness of feeling,Mindfulness of feeling [vedanā-sati]
3,,Mindfulness of mind,,citta-sati,,,,,,,      Mindfulness of mind,citta-sati,Mindfulness of mind,Mindfulness of mind [citta-sati]
3,,Mindfulness of dhammas,,dhammā-sati,,,,,,,      Mindfulness of dhammas,dhammā-sati,Mindfulness of dhammas,Mindfulness of dhammas [dhammā-sati]
3,0,Ardency,,atapi,,,,,,,      Ardency,atapi,Ardency,Ardency [atapi]
3,0,Clear comprehension,,sampajañña,,,,,,,      Clear comprehension,sampajañña,Clear comprehension,Clear comprehension [sampajañña]
3,0,Mindfulness,,sati,,,,,,,      Mindfulness,sati,Mindfulness,Mindfulness [sati]
2,,Right concentration,,sammā samādhi,,,,,,,   Right concentration,sammā samādhi,Right concentration,Right concentration [sammā samādhi]
3,,,,Jhāna,,,,,,,      Jhāna,,Jhāna,Jhāna
3,,Seclusion,,viveka,,,,,,,      Seclusion,viveka,Seclusion,Seclusion [viveka]
3,,Directed thought and evaluation,,vitakka-vicāra,,,,,,,      Directed thought and evaluation,vitakka-vicāra,Directed thought and evaluation,Directed thought and evaluation [vitakka-vicāra]
3,,Rapture,,pīti,,,,,,,      Rapture,pīti,Rapture,Rapture [pīti]
3,,Happiness,,sukha,,,,,,,      Happiness,sukha,Happiness,Happiness [sukha]
,,,,,,,,,,,,,,
3,,One pointedness,,ekaggatā,,,,,,,      One pointedness,ekaggatā,One pointedness,One pointedness [ekaggatā]
3,,Formless attainments,,āruppa,,,,,,,      Formless attainments,āruppa,Formless attainments,Formless attainments [āruppa]
,,,,,,,,,,,,,,
,,,,,,,,,,,,,,
,,,,,,,,,,,,,,
2,,Meditation/Techniques,,,,,,,,,   Meditation/Techniques,,Meditation/Techniques,Meditation/Techniques
3,*,Mindfulness of breathing,,ānāpānassati,,,,,,,      Mindfulness of breathing,ānāpānassati,Mindfulness of breathing,Mindfulness of breathing [ānāpānassati]
4,,Gladdening the mind,,abhippamodayaṃ cittaṃ,,,,,,,         Gladdening the mind,abhippamodayaṃ cittaṃ,Gladdening the mind,Gladdening the mind [abhippamodayaṃ cittaṃ]
3,,Unattractiveness,,asubha,,,,,,,      Unattractiveness,asubha,Unattractiveness,Unattractiveness [asubha]
3,,Elements,,dhatu,,,,,,,      Elements,dhatu,Elements,Elements [dhatu]
3,,,,Kasiṇa,,,Properties,,,,      Kasiṇa,,Kasiṇa,Kasiṇa
3,,Divine Abidings,4,brahmavihārā,,,,,,,      Divine Abidings,brahmavihārā,Divine Abidings,Divine Abidings [brahmavihārā]
4,,Goodwill,,mettā,,,,,,,         Goodwill,mettā,Goodwill,Goodwill [mettā]
4,,Compassion,,karuṇā,,,,,,,         Compassion,karuṇā,Compassion,Compassion [karuṇā]
4,,Empathetic joy,,muditā,,,,,,,         Empathetic joy,muditā,Empathetic joy,Empathetic joy [muditā]
4,,Equanimity,,upekkhā,,,,,,,         Equanimity,upekkhā,Equanimity,Equanimity [upekkhā]
3,,Visualization,,,,,,,,,      Visualization,,Visualization,Visualization
3,,Body scanning,,,,,,,,,      Body scanning,,Body scanning,Body scanning
3,,Noting,,,,,,,,,      Noting,,Noting,Noting
,,,,,,,,,,,,,,
3,,Mantra,,,,,,,,,      Mantra,,Mantra,Mantra
4,*,Buddho mantra,,,,,,,,,         Buddho mantra,,Buddho mantra,Buddho mantra
3,,Movement meditation,,,,,,,,,      Movement meditation,,Movement meditation,Movement meditation
3,,Hua tou,,<em>Chinese</em>,,,,,,,      Hua tou,<em>Chinese</em>,Hua tou,Hua tou [<em>Chinese</em>]
,,,,,,,,,,,,,,
,,,,,,,,,,,,,,
2,,Calming meditation,,samatha,,,,,Tranquility,,   Calming meditation,samatha,Calming meditation,Calming meditation [samatha]
2,,Insight meditation,,vipassanā,,,,,Investigation of states,,   Insight meditation,vipassanā,Insight meditation,Insight meditation [vipassanā]
2,,Recollection,10,anusati,,,,,,,   Recollection,anusati,Recollection,Recollection [anusati]
3,,Recollection/Buddha,,buddhānussati,,,,,Buddha,,      Recollection/Buddha,buddhānussati,Recollection/Buddha,Recollection/Buddha [buddhānussati]
3,,Recollection/Dhamma,,dhammānussati,,,,,Dhamma,,      Recollection/Dhamma,dhammānussati,Recollection/Dhamma,Recollection/Dhamma [dhammānussati]
3,,Recollection/Saṅgha,,saṅghānussati,,,,,Saṅgha,,      Recollection/Saṅgha,saṅghānussati,Recollection/Saṅgha,Recollection/Saṅgha [saṅghānussati]
3,,Recollection/Virtue,,sīlānussati,,,,,Generosity,,      Recollection/Virtue,sīlānussati,Recollection/Virtue,Recollection/Virtue [sīlānussati]
3,,Recollection/Generosity,,cāgānussati,,,,,Virtue,,      Recollection/Generosity,cāgānussati,Recollection/Generosity,Recollection/Generosity [cāgānussati]
3,,Recollection/Devas,,devatānussati,,,,,Deva,,      Recollection/Devas,devatānussati,Recollection/Devas,Recollection/Devas [devatānussati]
3,,Mindfulness of breathing,,ānāpānassati,,,,,Death,,      Mindfulness of breathing,ānāpānassati,Mindfulness of breathing,Mindfulness of breathing [ānāpānassati]
3,,Recollection/Death,,maraṇassati,,,,,,,      Recollection/Death,maraṇassati,Recollection/Death,Recollection/Death [maraṇassati]
3,,Mindfulness of body,,kāyagatā-sati,,,,,,,      Mindfulness of body,kāyagatā-sati,Mindfulness of body,Mindfulness of body [kāyagatā-sati]
3,,Recollection/Peace,,upasamānussati,,,,,,,      Recollection/Peace,upasamānussati,Recollection/Peace,Recollection/Peace [upasamānussati]
3,,,,,,,,,,,      ,,,
2,,Meditation/Posture,,,,,,,,,   Meditation/Posture,,Meditation/Posture,Meditation/Posture
3,,Posture/Sitting,,,,,,,,,      Posture/Sitting,,Posture/Sitting,Posture/Sitting
3,,Posture/Walking,,cankama,,,,,,,      Posture/Walking,cankama,Posture/Walking,Posture/Walking [cankama]
3,,Posture/Lying down,,,,,,,,,      Posture/Lying down,,Posture/Lying down,Posture/Lying down
3,,Posture/Standing,,,,,,,,,      Posture/Standing,,Posture/Standing,Posture/Standing
3,,Posture/Bowing,,,,,,,,,      Posture/Bowing,,Posture/Bowing,Posture/Bowing
2,,Meditation retreats,,,,,,,,,   Meditation retreats,,Meditation retreats,Meditation retreats
2,,Meditation/Results,,,,,,,,,   Meditation/Results,,Meditation/Results,Meditation/Results
3,,Wrong concentration,,micchā-samādhi,,,,,,,      Wrong concentration,micchā-samādhi,Wrong concentration,Wrong concentration [micchā-samādhi]
3,,,,Nimmita,,,,,,,      Nimmita,,Nimmita,Nimmita
3,,Continuity of mindfulness,,,,,,,,,      Continuity of mindfulness,,Continuity of mindfulness,Continuity of mindfulness
3,,Present moment awareness,,,,,,,,,      Present moment awareness,,Present moment awareness,Present moment awareness
3,,Spaciousness,,,,,,,,,      Spaciousness,,Spaciousness,Spaciousness
3,,Direct experience,,,,,,,,,      Direct experience,,Direct experience,Direct experience
3,,Knowing itself,,,,,,,,,      Knowing itself,,Knowing itself,Knowing itself
2,,Meditation/Unusual experiences,,,,,,,,,   Meditation/Unusual experiences,,Meditation/Unusual experiences,Meditation/Unusual experiences
,,,,,,,,,,,,,,
,,,,,,,,,,,,,,
,,,,,,,,,,,,,,
,,,,,,,,,,,,,,
2,,Long-term practice,,,,,,,,,   Long-term practice,,Long-term practice,Long-term practice
1,,Nature of the cosmos,,,,,,,,,Nature of the cosmos,,Nature of the cosmos,Nature of the cosmos
2,,,,Kamma,,,,,,,   Kamma,,Kamma,Kamma
2,,Rebirth,,,,,,,,,   Rebirth,,Rebirth,Rebirth
2,,,,Saṃsāra,,,,,,,   Saṃsāra,,Saṃsāra,Saṃsāra
2,,Realms of existence,5,,,,,,,,   Realms of existence,,Realms of existence,Realms of existence
3,,Deva,,,,,,,,,      Deva,,Deva,Deva
3,,Human,,,,,,,,,      Human,,Human,Human
3,,Ghost,,,,,,,,,      Ghost,,Ghost,Ghost
3,,Animal,,,,,,,,,      Animal,,Animal,Animal
3,,Hell,,,,,,,,,      Hell,,Hell,Hell
2,,God,,,,,,,,,   God,,God,God
2,,,,Māra,,,,,,,   Māra,,Māra,Māra
2,,Non-human beings,,yakkha,,,,,,,   Non-human beings,yakkha,Non-human beings,Non-human beings [yakkha]
2,,Dreams,,,,,,,,,   Dreams,,Dreams,Dreams
2,,Nature of mind,,,,,,,,,   Nature of mind,,Nature of mind,Nature of mind
2,,Psychic powers,,,,,,,,,   Psychic powers,,Psychic powers,Psychic powers
,,,,,,,,,,,,,,
2,,The Unconditioned/Ultimate Truth,,asaṅkhata,Unconditioned,,,,,,   The Unconditioned/Ultimate Truth,asaṅkhata,Unconditioned,Unconditioned [asaṅkhata]
1,,Teaching Dhamma,,,,,,,,,Teaching Dhamma,,Teaching Dhamma,Teaching Dhamma
2,,Questions,,,,,,,,,   Questions,,Questions,Questions
2,,Dhamma discussion,,,,,,,,,   Dhamma discussion,,Dhamma discussion,Dhamma discussion
2,,Mentoring,,,,,,,,,   Mentoring,,Mentoring,Mentoring
2,,Personal presence,,,,,,,,,   Personal presence,,Personal presence,Personal presence
2,,Admonishment/feedback,,,,,,,,,   Admonishment/feedback,,Admonishment/feedback,Admonishment/feedback
2,,Fierce/direct teaching,,,,,,,,,   Fierce/direct teaching,,Fierce/direct teaching,Fierce/direct teaching
2,,Stories,,,,,,,,,   Stories,,Stories,Stories
2,,Similes,,,,,,,,,   Similes,,Similes,Similes
2,,Symbolism,,,,,,,,,   Symbolism,,Symbolism,Symbolism
2,,Dhamma books,,,,,,,,,   Dhamma books,,Dhamma books,Dhamma books
3,,Free distribution,,,,,,,,,      Free distribution,,Free distribution,Free distribution
2,,Dhamma online,,,,,,,,,   Dhamma online,,Dhamma online,Dhamma online
,,,,,,,,,,,,,,
1,,Teachers,,,,,,,,,Teachers,,Teachers,Teachers
,,,,,,,,,,,,,,
2,,Monastic teachers,,,,,,,,,   Monastic teachers,,Monastic teachers,Monastic teachers
3,,Thai Forest Tradition,,,,,,,,,      Thai Forest Tradition,,Thai Forest Tradition,Thai Forest Tradition
4,,Ajahn Mun,,,,,,,,,         Ajahn Mun,,Ajahn Mun,Ajahn Mun
4,,Ajahn Chah,,,,,,,,,         Ajahn Chah,,Ajahn Chah,Ajahn Chah
4,,Ajahn Chah lineage,,,,,,,,,         Ajahn Chah lineage,,Ajahn Chah lineage,Ajahn Chah lineage
5,,Ajahn Jun,,,,,,,,,            Ajahn Jun,,Ajahn Jun,Ajahn Jun
5,,Ajahn Sinuan,,,,,,,,,            Ajahn Sinuan,,Ajahn Sinuan,Ajahn Sinuan
5,,Ajahn Liem,,,,,,,,,            Ajahn Liem,,Ajahn Liem,Ajahn Liem
5,,Ajahn Chu,,,,,,,,,            Ajahn Chu,,Ajahn Chu,Ajahn Chu
5,,Ajahn Mahā Amon,,,,,,,,,            Ajahn Mahā Amon,,Ajahn Mahā Amon,Ajahn Mahā Amon
5,,Ajahn Sumedho,,,,,,,,,            Ajahn Sumedho,,Ajahn Sumedho,Ajahn Sumedho
5,,Ajahn Anek,,,,,,,,,            Ajahn Anek,,Ajahn Anek,Ajahn Anek
5,,Ajahn Toon,,,,,,,,,            Ajahn Toon,,Ajahn Toon,Ajahn Toon
5,,Ajahn Pasanno,,,,,,,,,            Ajahn Pasanno,,Ajahn Pasanno,Ajahn Pasanno
5,,Ajahn Viradhammo,,,,,,,,,            Ajahn Viradhammo,,Ajahn Viradhammo,Ajahn Viradhammo
5,,Ajahn Tiradhammo,,,,,,,,,            Ajahn Tiradhammo,,Ajahn Tiradhammo,Ajahn Tiradhammo
5,,Ajahn Dtun,,,,,,,,,            Ajahn Dtun,,Ajahn Dtun,Ajahn Dtun
5,,Ajahn Anan,,,,,,,,,            Ajahn Anan,,Ajahn Anan,Ajahn Anan
5,,Ajahn Sucitto,,,,,,,,,            Ajahn Sucitto,,Ajahn Sucitto,Ajahn Sucitto
5,,Ajahn Jundee,,,,,,,,,            Ajahn Jundee,,Ajahn Jundee,Ajahn Jundee
5,,Ajahn Ñāṇadhammo,,,,,,,,,            Ajahn Ñāṇadhammo,,Ajahn Ñāṇadhammo,Ajahn Ñāṇadhammo
5,,Ajahn Soṇa,,,,,,,,,            Ajahn Soṇa,,Ajahn Soṇa,Ajahn Soṇa
5,,Ajahn Gavesako,,,,,,,,,            Ajahn Gavesako,,Ajahn Gavesako,Ajahn Gavesako
5,,Ajahn Amaro,,,,,,,,,            Ajahn Amaro,,Ajahn Amaro,Ajahn Amaro
5,,Ajahn Jayasaro,,,,,,,,,            Ajahn Jayasaro,,Ajahn Jayasaro,Ajahn Jayasaro
,,,,,,,,,,,,,,
5,,Ajahn Karuṇadhammo,,,,,,,,,            Ajahn Karuṇadhammo,,Ajahn Karuṇadhammo,Ajahn Karuṇadhammo
5,,Ajahn Jotipālo,,,,,,,,,            Ajahn Jotipālo,,Ajahn Jotipālo,Ajahn Jotipālo
5,,Ajahn Ñāṇiko,,,,,,,,,            Ajahn Ñāṇiko,,Ajahn Ñāṇiko,Ajahn Ñāṇiko
,,,,,,,,,,,,,,
,,,,,,,,,,,,,,
,,,,,,,,,,,,,,
5,,Ajahn Pavaro,,,,,,,,,            Ajahn Pavaro,,Ajahn Pavaro,Ajahn Pavaro
,,,,,,,,,,,,,,
,,,,,,,,,,,,,,
,,,,,,,,,,,,,,
,,,,,,,,,,,,,,
,,,,,,,,,,,,,,
5,,Ajahn Sundara,,,,,,,,,            Ajahn Sundara,,Ajahn Sundara,Ajahn Sundara
5,,Mae Chee Kumfah,,,,,,,,,            Mae Chee Kumfah,,Mae Chee Kumfah,Mae Chee Kumfah
4,,Other Thai Forest teachers,,,,,,,,,         Other Thai Forest teachers,,Other Thai Forest teachers,Other Thai Forest teachers
5,,Ajahn Sao,,,,,,,,,            Ajahn Sao,,Ajahn Sao,Ajahn Sao
5,,Ajahn Lee Dhammadharo,,,,,,,,,            Ajahn Lee Dhammadharo,,Ajahn Lee Dhammadharo,Ajahn Lee Dhammadharo
5,,Ajahn Tongrat,,,,,,,,,            Ajahn Tongrat,,Ajahn Tongrat,Ajahn Tongrat
5,,Ajahn Kinaree,,,,,,,,,            Ajahn Kinaree,,Ajahn Kinaree,Ajahn Kinaree
5,,Ajahn Fun,,,,,,,,,            Ajahn Fun,,Ajahn Fun,Ajahn Fun
5,,Ajahn Dune,,,,,,,,,            Ajahn Dune,,Ajahn Dune,Ajahn Dune
5,,Ajahn Utane,,,,,,,,,            Ajahn Utane,,Ajahn Utane,Ajahn Utane
5,,Ajahn Supah,,,,,,,,,            Ajahn Supah,,Ajahn Supah,Ajahn Supah
5,,Ajahn Mahā Boowa,,,,,,,,,            Ajahn Mahā Boowa,,Ajahn Mahā Boowa,Ajahn Mahā Boowa
5,,Ajahn Baen,,,,,,,,,            Ajahn Baen,,Ajahn Baen,Ajahn Baen
5,,Ajahn Jumnien,,,,,,,,,            Ajahn Jumnien,,Ajahn Jumnien,Ajahn Jumnien
5,,Ajahn Plien,,,,,,,,,            Ajahn Plien,,Ajahn Plien,Ajahn Plien
5,,Ajahn Tate,,,,,,,,,            Ajahn Tate,,Ajahn Tate,Ajahn Tate
5,,Ajahn Kaew,,,,,,,,,            Ajahn Kaew,,Ajahn Kaew,Ajahn Kaew
5,,Ajahnn Mahā Chatchai,,,,,,,,,            Ajahnn Mahā Chatchai,,Ajahnn Mahā Chatchai,Ajahnn Mahā Chatchai
5,,Ajahn Buddhadāsa,,,,,,,,,            Ajahn Buddhadāsa,,Ajahn Buddhadāsa,Ajahn Buddhadāsa
5,,Ajahn Paññānanda,,,,,,,,,            Ajahn Paññānanda,,Ajahn Paññānanda,Ajahn Paññānanda
5,,Ajahn Suwat,,,,,,,,,            Ajahn Suwat,,Ajahn Suwat,Ajahn Suwat
5,,Ajahn Khantipālo,,,,,,,,,            Ajahn Khantipālo,,Ajahn Khantipālo,Ajahn Khantipālo
5,,Ajahn Wanchai,,,,,,,,,            Ajahn Wanchai,,Ajahn Wanchai,Ajahn Wanchai
5,,Ajahn Piyadhammo,,,,,,,,,            Ajahn Piyadhammo,,Ajahn Piyadhammo,Ajahn Piyadhammo
5,,Ajahn Ṭhānissaro,,,,,,,,,            Ajahn Ṭhānissaro,,Ajahn Ṭhānissaro,Ajahn Ṭhānissaro
5,,Mae Chee Kaew,,,,,,,,,            Mae Chee Kaew,,Mae Chee Kaew,Mae Chee Kaew
,,,,,,,,,,,,,,
3,,Other Thai monastics,,,,,,,,,      Other Thai monastics,,Other Thai monastics,Other Thai monastics
4,,Chao Khun Upali,,,,,,,,,         Chao Khun Upali,,Chao Khun Upali,Chao Khun Upali
4,,P. A. Payutto,,,,,,,,,         P. A. Payutto,,P. A. Payutto,P. A. Payutto
,,,,,,,,,,,,,,
3,,Other Theravāda monastics,,,,,,,,,      Other Theravāda monastics,,Other Theravāda monastics,Other Theravāda monastics
4,,Mahasi Sayadaw,,,,,,,,,         Mahasi Sayadaw,,Mahasi Sayadaw,Mahasi Sayadaw
4,,Ven. Ñāṇamoli,,,,,,,,,         Ven. Ñāṇamoli,,Ven. Ñāṇamoli,Ven. Ñāṇamoli
4,,Pa Auk Sayadaw,,,,,,,,,         Pa Auk Sayadaw,,Pa Auk Sayadaw,Pa Auk Sayadaw
4,,Preah Mahāghosānanda,,,,,,,,,         Preah Mahāghosānanda,,Preah Mahāghosānanda,Preah Mahāghosānanda
4,,Bhante Gunaratana,,,,,,,,,         Bhante Gunaratana,,Bhante Gunaratana,Bhante Gunaratana
4,,Bhikkhu Bodhi,,,,,,,,,         Bhikkhu Bodhi,,Bhikkhu Bodhi,Bhikkhu Bodhi
,,,,,,,,,,,,,,
4,,Ayya Tāthalokā,,,,,,,,,         Ayya Tāthalokā,,Ayya Tāthalokā,Ayya Tāthalokā
,,,,,,,,,,,,,,
,,,,,,,,,,,,,,
,,,,,,,,,,,,,,
3,,Mahāyāna monastics,,,,,,,,,      Mahāyāna monastics,,Mahāyāna monastics,Mahāyāna monastics
4,,Dōgen,,,,,,,,,         Dōgen,,Dōgen,Dōgen
4,,Master Hsu Yun,,,,,,,,,         Master Hsu Yun,,Master Hsu Yun,Master Hsu Yun
4,,Master Hsuan Hua,,,,,,,,,         Master Hsuan Hua,,Master Hsuan Hua,Master Hsuan Hua
4,,The Dalai Lama,,,Dalai Lama,,,,,,         The Dalai Lama,,Dalai Lama,Dalai Lama
4,,Rev. Heng Sure,,,,,,,,,         Rev. Heng Sure,,Rev. Heng Sure,Rev. Heng Sure
4,,Trulshik Rinpoche,,,,,,,,,         Trulshik Rinpoche,,Trulshik Rinpoche,Trulshik Rinpoche
2,,Lay teachers,,,,,,,,,   Lay teachers,,Lay teachers,Lay teachers
3,,Mahatma Gandhi,,,,,,,,,      Mahatma Gandhi,,Mahatma Gandhi,Mahatma Gandhi
3,,Upasikā Kee Nanayon,,,,,,,,,      Upasikā Kee Nanayon,,Upasikā Kee Nanayon,Upasikā Kee Nanayon
3,,S.N. Goenka,,,,,,,,,      S.N. Goenka,,S.N. Goenka,S.N. Goenka
3,,Ram Dass,,,,,,,,,      Ram Dass,,Ram Dass,Ram Dass
3,,Jack Kornfield,,,,,,,,,      Jack Kornfield,,Jack Kornfield,Jack Kornfield
3,,Paul Brieter,,,,,,,,,      Paul Brieter,,Paul Brieter,Paul Brieter
3,,Joseph Kappel,,,,,,,,,      Joseph Kappel,,Joseph Kappel,Joseph Kappel
3,,George Sharp,,,,,,,,,      George Sharp,,George Sharp,George Sharp
3,,Kittisaro,,,,,,,,,      Kittisaro,,Kittisaro,Kittisaro
3,,Ṭhanissarā,,,,,,,,,      Ṭhanissarā,,Ṭhanissarā,Ṭhanissarā
3,,Debbie Stamp,,,,,,,,,      Debbie Stamp,,Debbie Stamp,Debbie Stamp
,,,,,,,,,,,,,,
,,,,,,,,,,,,,,
1,,Women in Buddhism,,,,,,,,,Women in Buddhism,,Women in Buddhism,Women in Buddhism
2,,Women's monastic forms,,,,,,,,,   Women's monastic forms,,Women's monastic forms,Women's monastic forms
3,,,,Bhikkhunī,,,,,,,      Bhikkhunī,,Bhikkhunī,Bhikkhunī
3,,,,Sīladharā,,,,,,,      Sīladharā,,Sīladharā,Sīladharā
3,,Mae Chee,,<em>Thai</em>,,,,,,,      Mae Chee,<em>Thai</em>,Mae Chee,Mae Chee [<em>Thai</em>]
,,,,,,,,,,,,,,
1,,History,,,,,,,,,History,,History,History
2,*,Buddha/Biography,,,,,,,,,   Buddha/Biography,,Buddha/Biography,Buddha/Biography
2,,Great disciples,,,,,,,,,   Great disciples,,Great disciples,Great disciples
,,,,,,,,,,,,,,
,,,,,,,,,,,,,,
2,,History/Early Buddhism,,,,,,,,,   History/Early Buddhism,,History/Early Buddhism,History/Early Buddhism
2,,History/Indian Buddhism,,,,,,,,,   History/Indian Buddhism,,History/Indian Buddhism,History/Indian Buddhism
2,,History/Sri Lankan Buddhism,,,,,,,,,   History/Sri Lankan Buddhism,,History/Sri Lankan Buddhism,History/Sri Lankan Buddhism
2,,History/Thai Buddhism,,,,,,,,,   History/Thai Buddhism,,History/Thai Buddhism,History/Thai Buddhism
2,,History/Other Theravāda traditions,,,,,,,,,   History/Other Theravāda traditions,,History/Other Theravāda traditions,History/Other Theravāda traditions
,,,,,,,,,,,,,,
2,,History/Mahāyāna Buddhism,,,,,,,,,   History/Mahāyāna Buddhism,,History/Mahāyāna Buddhism,History/Mahāyāna Buddhism
,,,,,,,,,,,,,,
2,,History/Western Buddhism,,,,,,,,,   History/Western Buddhism,,History/Western Buddhism,History/Western Buddhism
3,,History/Western Buddhist monasticism,,,,,,,,,      History/Western Buddhist monasticism,,History/Western Buddhist monasticism,History/Western Buddhist monasticism
2,,Geography/Thailand,,,,,,,,,   Geography/Thailand,,Geography/Thailand,Geography/Thailand
,,,,,,,,,,,,,,
,,,,,,,,,,,,,,
,,,,,,,,,,,,,,
1,,Monasteries,,,,,,,,,Monasteries,,Monasteries,Monasteries
2,,Thai monasteries,,,,,,,,,   Thai monasteries,,Thai monasteries,Thai monasteries
3,,Thai Ajahn Chah monasteries,,,,,,,,,      Thai Ajahn Chah monasteries,,Thai Ajahn Chah monasteries,Thai Ajahn Chah monasteries
4,,Wat Nong Pah Pong,,,Wat Pah Pong,,,,,,         Wat Nong Pah Pong,,Wat Pah Pong,Wat Pah Pong
4,,Tam Saeng Pet,,,,,,,,,         Tam Saeng Pet,,Tam Saeng Pet,Tam Saeng Pet
4,,Wat Keun,,,,,,,,,         Wat Keun,,Wat Keun,Wat Keun
4,,Wat Pah Nanachat,,,,,,,,,         Wat Pah Nanachat,,Wat Pah Nanachat,Wat Pah Nanachat
4,,Dtao Dtum,,,,,,,,,         Dtao Dtum,,Dtao Dtum,Dtao Dtum
4,,Poo Jum Gom,,,,,,,,,         Poo Jum Gom,,Poo Jum Gom,Poo Jum Gom
4,,Anandagiri Monastery,,,Anandagiri,,,,,,         Anandagiri Monastery,,Anandagiri,Anandagiri
3,,Thai forest monasteries,,,,,,,,,      Thai forest monasteries,,Thai forest monasteries,Thai forest monasteries
4,,Wat Khao Wongkot,,,,,,,,,         Wat Khao Wongkot,,Wat Khao Wongkot,Wat Khao Wongkot
4,,Wat Asokaram,,,,,,,,,         Wat Asokaram,,Wat Asokaram,Wat Asokaram
4,,Wat Pah Ban Tat,,,,,,,,,         Wat Pah Ban Tat,,Wat Pah Ban Tat,Wat Pah Ban Tat
,,,,,,,,,,,,,,
,,,,,,,,,,,,,,
,,,,,,,,,,,,,,
,,,,,,,,,,,,,,
2,,Western Ajahn Chah monasteries,,,,,,,,,   Western Ajahn Chah monasteries,,Western Ajahn Chah monasteries,Western Ajahn Chah monasteries
3,,Cittaviveka Monastery,,,Cittavivieka,,,,,,      Cittaviveka Monastery,,Cittavivieka,Cittavivieka
3,,Amaravati Monastery,,,Amaravati,,,,,,      Amaravati Monastery,,Amaravati,Amaravati
3,,Aruna Ratanagiri Monastery,,,Aruna Ratanagiri,,,,,,      Aruna Ratanagiri Monastery,,Aruna Ratanagiri,Aruna Ratanagiri
3,,Tisarana Monastery,,,Tisarana,,,,,,      Tisarana Monastery,,Tisarana,Tisarana
,,,,,,,,,,,,,,
3,,Abhayagiri Monastery,,,Abhayagiri,,,,,,      Abhayagiri Monastery,,Abhayagiri,Abhayagiri
3,,Pacific Hermitage,,,,,,,,,      Pacific Hermitage,,Pacific Hermitage,Pacific Hermitage
2,,Thai Forest monasteries in the West,,,,,,,,,   Thai Forest monasteries in the West,,Thai Forest monasteries in the West,Thai Forest monasteries in the West
3,,Wat Buridat,,,,,,,,,      Wat Buridat,,Wat Buridat,Wat Buridat
3,,Wat Metta,,,,,,,,,      Wat Metta,,Wat Metta,Wat Metta
,,,,,,,,,,,,,,
,,,,,,,,,,,,,,
,,,,,,,,,,,,,,
,,,,,,,,,,,,,,
,,,,,,,,,,,,,,
2,,Monasteries in other traditions,,,,,,,,,   Monasteries in other traditions,,Monasteries in other traditions,Monasteries in other traditions
3,,City of Ten Thousand Buddhas,,,,,,,,,      City of Ten Thousand Buddhas,,City of Ten Thousand Buddhas,City of Ten Thousand Buddhas
,,,,,,,,,,,,,,
3,,Dhammadharini Monastery,,,,,,,,,      Dhammadharini Monastery,,Dhammadharini Monastery,Dhammadharini Monastery
3,,Karuna Buddhist Vihara,,,,,,,,,      Karuna Buddhist Vihara,,Karuna Buddhist Vihara,Karuna Buddhist Vihara
,,,,,,,,,,,,,,
2,.,Non-monastic centers,,,,,,,,,   Non-monastic centers,,,
3,,Insight Meditation Society,,,,,,,,,      Insight Meditation Society,,Insight Meditation Society,Insight Meditation Society
3,,Spirit Rock Meditation Center,,,Spirit Rock,,,,,,      Spirit Rock Meditation Center,,Spirit Rock,Spirit Rock
3,,Panyaprateep School,,,,,,,,,      Panyaprateep School,,Panyaprateep School,Panyaprateep School
1,,Cultural context,,,,,,,,,Cultural context,,Cultural context,Cultural context
2,,Culture/Natural environment,,,,,,,,,   Culture/Natural environment,,Culture/Natural environment,Culture/Natural environment
2,,Culture/Asia,,,,,,,,,   Culture/Asia,,Culture/Asia,Culture/Asia
2,,Culture/India,,,,,,,,,   Culture/India,,Culture/India,Culture/India
2,,Culture/Thailand,,,,,,,,,   Culture/Thailand,,Culture/Thailand,Culture/Thailand
2,,Culture/West,,,,,,,,,   Culture/West,,Culture/West,Culture/West
2,,Buddhist identity,,,,,,,,,   Buddhist identity,,Buddhist identity,Buddhist identity
1,,Spiritual traditions,,,,,,,,,Spiritual traditions,,Spiritual traditions,Spiritual traditions
2,,Theravāda,,,,,,,,,   Theravāda,,Theravāda,Theravāda
2,,Mahāyāna,,,,,,,,,   Mahāyāna,,Mahāyāna,Mahāyāna
3,,Zen,,,,,,,,,      Zen,,Zen,Zen
2,,Vajrayāna,,,,,,,,,   Vajrayāna,,Vajrayāna,Vajrayāna
,,,,,,,,,,,,,,
2,,Secular Buddhism,,,,,,,,,   Secular Buddhism,,Secular Buddhism,Secular Buddhism
2,,Hinduism,,,,,,,,,   Hinduism,,Hinduism,Hinduism
2,,Judaism,,,,,,,,,   Judaism,,Judaism,Judaism
2,,Christianity,,,,,,,,,   Christianity,,Christianity,Christianity
2,,Islam,,,,,,,,,   Islam,,Islam,Islam
2,,Philosophy,,,,,,,,,   Philosophy,,Philosophy,Philosophy
2,,Western psychology,,,,,,,,,   Western psychology,,Western psychology,Western psychology
2,,Cults,,,,,,,,,   Cults,,Cults,Cults
,,,,,,,,,,,,,,
1,,Renunciant practice,,,,,,,,,Renunciant practice,,Renunciant practice,Renunciant practice
2,,Eight Precepts,8,aṭṭha sikkhāpadāni,,,,,,,   Eight Precepts,aṭṭha sikkhāpadāni,Eight Precepts,Eight Precepts [aṭṭha sikkhāpadāni]
3,.,Abstaining from:,,veramaṇī,,,,,,,      Abstaining from:,veramaṇī,,
3,,Killing,,pāṇātipātā,,,,,,,      Killing,pāṇātipātā,Killing,Killing [pāṇātipātā]
4,,Vegetarianism,,,,,,,,,         Vegetarianism,,Vegetarianism,Vegetarianism
4,,Suicide,,,,,,,,,         Suicide,,Suicide,Suicide
4,,Euthanasia,,,,,,,,,         Euthanasia,,Euthanasia,Euthanasia
4,,Abortion,,,,,,,,,         Abortion,,Abortion,Abortion
3,,Stealing,,adinnādānā,,,,,,,      Stealing,adinnādānā,Stealing,Stealing [adinnādānā]
3,,Sexual activity,,abrahmacariyā,,,,,,,      Sexual activity,abrahmacariyā,Sexual activity,Sexual activity [abrahmacariyā]
3,,False speech,,musā-vādā,,,,,,,      False speech,musā-vādā,False speech,False speech [musā-vādā]
3,,Intoxicants,,surāmeraya-majja-pamādaṭṭhānā,,,,,,,      Intoxicants,surāmeraya-majja-pamādaṭṭhānā,Intoxicants,Intoxicants [surāmeraya-majja-pamādaṭṭhānā]
3,,Eating after noon,,vikālabhojanā,,,,,,,      Eating after noon,vikālabhojanā,Eating after noon,Eating after noon [vikālabhojanā]
3,,Entertainment and adornment,,nacca-gīta-vādita,,,,,,,      Entertainment and adornment,nacca-gīta-vādita,Entertainment and adornment,Entertainment and adornment [nacca-gīta-vādita]
3,,High and luxurious beds,,uccāsayana-mahāsayanā,,,,,,,      High and luxurious beds,uccāsayana-mahāsayanā,High and luxurious beds,High and luxurious beds [uccāsayana-mahāsayanā]
2,,Celibacy,,brahmacariyā,,,,,,,   Celibacy,brahmacariyā,Celibacy,Celibacy [brahmacariyā]
2,,Simplicity,,,,,,,,,   Simplicity,,Simplicity,Simplicity
2,,Lunar observance days,,uposatha,,,,,,,   Lunar observance days,uposatha,Lunar observance days,Lunar observance days [uposatha]
2,,Four Requisites,4,,Requisites,,,,,,   Four Requisites,,Requisites,Requisites
3,,Robes,,cīvara,,,,,,,      Robes,cīvara,Robes,Robes [cīvara]
3,,Almsfood,,piṇḍapāta,,,,,,,      Almsfood,piṇḍapāta,Almsfood,Almsfood [piṇḍapāta]
4,,Almsbowl,,,,,,,,,         Almsbowl,,Almsbowl,Almsbowl
4,,Almsround,,pindapat <em>Thai</em>,,,,,,,         Almsround,pindapat <em>Thai</em>,Almsround,Almsround [pindapat <em>Thai</em>]
3,,Shelter,,senāsana,,,,,,,      Shelter,senāsana,Shelter,Shelter [senāsana]
4,,Building projects,,,,,,,,,         Building projects,,Building projects,Building projects
3,,Medicinal requisites,,gilāna-paccaya-bhesajja-parikkhāraṃ,,,,,,,      Medicinal requisites,gilāna-paccaya-bhesajja-parikkhāraṃ,Medicinal requisites,Medicinal requisites [gilāna-paccaya-bhesajja-parikkhāraṃ]
2,,Qualities for non-decline,4,aparihānāya dhammā,,,,,,,   Qualities for non-decline,aparihānāya dhammā,Qualities for non-decline,Qualities for non-decline [aparihānāya dhammā]
3,,Accomplishment in virtue,,sīlasampanno,,,,Virtue,,,      Accomplishment in virtue,sīlasampanno,,
3,,Sense restraint,,indriyesu guttadvāro,,,,,,,      Sense restraint,indriyesu guttadvāro,Sense restraint,Sense restraint [indriyesu guttadvāro]
3,,Moderation in eating,,bhojane mattaññū,,,,,Food,,      Moderation in eating,bhojane mattaññū,Moderation in eating,Moderation in eating [bhojane mattaññū]
3,,Devotion to wakefulness,,jāgariyaṁ anuyutto,,,,,Energy,,      Devotion to wakefulness,jāgariyaṁ anuyutto,Devotion to wakefulness,Devotion to wakefulness [jāgariyaṁ anuyutto]
,,,,,,,,,,,,,,
2,,Monastic life,,,,,,,,,   Monastic life,,Monastic life,Monastic life
3,,Monastic life/Motivation,,,,,,,,,      Monastic life/Motivation,,Monastic life/Motivation,Monastic life/Motivation
3,,Ordination,,,,,,,,,      Ordination,,Ordination,Ordination
4,,Temporary ordination,,,,,,,,,         Temporary ordination,,Temporary ordination,Temporary ordination
3,*,Mentoring,,,,,,,,,      Mentoring,,Mentoring,Mentoring
3,,,,Vinaya,,,,,,,      Vinaya,,Vinaya,Vinaya
4,,,,Pāṭimokkha,,,,,,,         Pāṭimokkha,,Pāṭimokkha,Pāṭimokkha
4,,Confession,,,,,,,,,         Confession,,Confession,Confession
4,,Sequence of training,,,,,,,,,         Sequence of training,,Sequence of training,Sequence of training
4,,Protocols,,kiccavatta,,,,,,,         Protocols,kiccavatta,Protocols,Protocols [kiccavatta]
4,,Not handling money,,,,,,,,,         Not handling money,,Not handling money,Not handling money
4,,Rains retreat,,vassa,,,,,,,         Rains retreat,vassa,Rains retreat,Rains retreat [vassa]
,,,,,,,,,,,,,,
3,,Mutual lay/Saṅgha support,,,,,,,,,      Mutual lay/Saṅgha support,,Mutual lay/Saṅgha support,Mutual lay/Saṅgha support
,,,,,,,,,,,,,,
3,*,Saṅgha,,monastic community,,,,,,,      Saṅgha,monastic community,Saṅgha,Saṅgha [monastic community]
4,*,Fourfold Assembly,,,,,,,,,         Fourfold Assembly,,Fourfold Assembly,Fourfold Assembly
4,,Communal harmony,,,,,,,,,         Communal harmony,,Communal harmony,Communal harmony
4,,Monastery organizational structure,,,,,,,,,         Monastery organizational structure,,Monastery organizational structure,Monastery organizational structure
4,,Saṅgha decision making,,,,,,,,,         Saṅgha decision making,,Saṅgha decision making,Saṅgha decision making
4,,Role of abbot,,,Abbot,,,,,,         Role of abbot,,Abbot,Abbot
,,,,,,,,,,,,,,
,,,,,,,,,,,,,,
3,,Perception of a samaṇa,,samaṇa saññā,,,,,,,      Perception of a samaṇa,samaṇa saññā,Perception of a samaṇa,Perception of a samaṇa [samaṇa saññā]
3,,Respect,,,,,,,,,      Respect,,Respect,Respect
4,,Monastic titles,,,,,,,,,         Monastic titles,,Monastic titles,Monastic titles
4,,Respect for elders,,,,,,,,,         Respect for elders,,Respect for elders,Respect for elders
4,,Upatakh,,<em>Thai</em> attending to senior monks,,,,,,,         Upatakh,<em>Thai</em> attending to senior monks,Upatakh,Upatakh [<em>Thai</em> attending to senior monks]
,,,,,,,,,,,,,,
,,,,,,,,,,,,,,
3,,Ascetic practices,,dhutaṅga,,,,,,,      Ascetic practices,dhutaṅga,Ascetic practices,Ascetic practices [dhutaṅga]
4,,Tudong,,<em>Thai</em> ascetic wandering,,,,,,,         Tudong,<em>Thai</em> ascetic wandering,Tudong,Tudong [<em>Thai</em> ascetic wandering]
4,,Fasting,,,,,,,,,         Fasting,,Fasting,Fasting
4,,Sitter's practice,,,,,,,,,         Sitter's practice,,Sitter's practice,Sitter's practice
3,,Monastic crafts,,,,,,,,,      Monastic crafts,,Monastic crafts,Monastic crafts
3,,Types of monks,,,,,,,,,      Types of monks,,Types of monks,Types of monks
4,,Forest versus city monks,,,,,,,,,         Forest versus city monks,,Forest versus city monks,Forest versus city monks
4,,Study monks,,,,,,,,,         Study monks,,Study monks,Study monks
4,,Older monks,,,,,,,,,         Older monks,,Older monks,Older monks
4,*,Temporary ordination,,,,,,,,,         Temporary ordination,,Temporary ordination,Temporary ordination
4,,Thai sects,,,,,,,,,         Thai sects,,Thai sects,Thai sects
4,,Novices,,,,,,,,,         Novices,,Novices,Novices
4,,Anagārikas/pakows,,,,,,,,,         Anagārikas/pakows,,Anagārikas/pakows,Anagārikas/pakows
3,*,Women's monastic forms,,,,,,,,,      Women's monastic forms,,Women's monastic forms,Women's monastic forms
4,*,,,Bhikkhunī,,,,,,,         Bhikkhunī,,Bhikkhunī,Bhikkhunī
4,*,,,Sīladharā,,,,,,,         Sīladharā,,Sīladharā,Sīladharā
4,*,Mae Chee,,<em>Thai</em>,,,,,,,         Mae Chee,<em>Thai</em>,Mae Chee,Mae Chee [<em>Thai</em>]
,,,,,,,,,,,,,,
,,,,,,,,,,,,,,
,,,,,,,,,,,,,,
3,,Disrobing,,,,,,,,,      Disrobing,,Disrobing,Disrobing
,,,,,,,,,,,,,,
,,,,,,,,,,,,,,
,,,,,,,,,,,,,,
,,,,,,,,,,,,,,
,,,,,,,,,,,,,,
1,,Everyday life practice,,,Everyday life,,,,,,Everyday life practice,,Everyday life,Everyday life
,,,,,,,,,,,,,,
2,,Five Precepts,5,pañca sikkhāpadāni,,,,,,,   Five Precepts,pañca sikkhāpadāni,Five Precepts,Five Precepts [pañca sikkhāpadāni]
3,.,Abstaining from:,,veramaṇī,,,,,,,      Abstaining from:,veramaṇī,,
3,,Killing,,pāṇātipātā,,,,,,,      Killing,pāṇātipātā,Killing,Killing [pāṇātipātā]
4,,Vegetarianism,,,,,,,,,         Vegetarianism,,Vegetarianism,Vegetarianism
4,,Suicide,,,,,,,,,         Suicide,,Suicide,Suicide
4,,Euthanasia,,,,,,,,,         Euthanasia,,Euthanasia,Euthanasia
4,,Abortion,,,,,,,,,         Abortion,,Abortion,Abortion
3,,Stealing,,adinnādānā,,,,,,,      Stealing,adinnādānā,Stealing,Stealing [adinnādānā]
3,,Sexual misconduct,,kāmesu micchācārā,,,,,,,      Sexual misconduct,kāmesu micchācārā,Sexual misconduct,Sexual misconduct [kāmesu micchācārā]
3,,False speech,,musā-vādā,,,,,,,      False speech,musā-vādā,False speech,False speech [musā-vādā]
3,,Intoxicants,,surāmeraya-majja-pamādaṭṭhānā,,,,,,,      Intoxicants,surāmeraya-majja-pamādaṭṭhānā,Intoxicants,Intoxicants [surāmeraya-majja-pamādaṭṭhānā]
2,,Lay life,,,,,,,,,   Lay life,,Lay life,Lay life
2,,Conventions,,,,,,,,,   Conventions,,Conventions,Conventions
2,,Worldly Conditions,8,aṭṭha lokadhammā,Worldly Conditions,lokadhammā,,,,,   Worldly Conditions,lokadhammā,Worldly Conditions,Worldly Conditions [lokadhammā]
3,2,Gain and loss,,lābho ca alābho ca,,,,,,,      Gain and loss,lābho ca alābho ca,Gain and loss,Gain and loss [lābho ca alābho ca]
3,2,Fame and disrepute,,yaso ca ayaso ca,,,,,,,      Fame and disrepute,yaso ca ayaso ca,Fame and disrepute,Fame and disrepute [yaso ca ayaso ca]
3,2*,Blame and praise,,nindā ca pasaṃsā ca,,,,,,,      Blame and praise,nindā ca pasaṃsā ca,Blame and praise,Blame and praise [nindā ca pasaṃsā ca]
3,,Pleasure,,sukha,,,,Happiness,,,      Pleasure,sukha,,
3,,Pain,,dukkha,,,,,,,      Pain,dukkha,Pain,Pain [dukkha]
2,.,Personal,,,,,,,,,   Personal,,,
3,,Health,,,,,,,,,      Health,,Health,Health
4,,Excercise,,,,,,,,,         Excercise,,Excercise,Excercise
4,,Mental illness,,,,,,,,,         Mental illness,,Mental illness,Mental illness
4,,Purpose/meaning,,,,,,,,,         Purpose/meaning,,Purpose/meaning,Purpose/meaning
3,,Cleanliness,,,,,,,,,      Cleanliness,,Cleanliness,Cleanliness
3,,Work,,,,,,,Right livelihood,,      Work,,Work,Work
3,,Relationships,,,,,,,,,      Relationships,,Relationships,Relationships
3,,Family,,,,,,,,,      Family,,Family,Family
4,,Children,,,,,,,,,         Children,,Children,Children
3,,Artistic expression,,,,,,,,,      Artistic expression,,Artistic expression,Artistic expression
3,,Recreation/leisure/sport,,,,,,,,,      Recreation/leisure/sport,,Recreation/leisure/sport,Recreation/leisure/sport
3,,Travel,,,,,,,,,      Travel,,Travel,Travel
3,,Pace of life,,,,,,,,,      Pace of life,,Pace of life,Pace of life
2,,Community,,,,,,,,,   Community,,Community,Community
3,,Environment,,,,,,,,,      Environment,,Environment,Environment
3,,Fourfold Assembly,,,,,,,,,      Fourfold Assembly,,Fourfold Assembly,Fourfold Assembly
3,,Meditation groups,,,,,,,,,      Meditation groups,,Meditation groups,Meditation groups
3,,Politics and society,,,,,,,,,      Politics and society,,Politics and society,Politics and society
4,,Leadership,,,,,,,,,         Leadership,,Leadership,Leadership
4,,Royalty,,,,,,,,,         Royalty,,Royalty,Royalty
4,,Service,,,,,,,,,         Service,,Service,Service
4,,Activism,,,,,,,,,         Activism,,Activism,Activism
4,,Non-profit organizations,,,,,,,,,         Non-profit organizations,,Non-profit organizations,Non-profit organizations
4,,Corruption,,,,,,,,,         Corruption,,Corruption,Corruption
4,,Crime,,,,,,,,,         Crime,,Crime,Crime
4,,Discrimination,,,,,,,,,         Discrimination,,Discrimination,Discrimination
4,,Conflict,,,,,,,,,         Conflict,,Conflict,Conflict
,,,,,,,,,,,,,,
,,,,,,,,,,,,,,
4,,Military,,,,,,,,,         Military,,Military,Military
3,,Commerce/economics,,,,,,,,,      Commerce/economics,,Commerce/economics,Commerce/economics
4,,Poverty,,,,,,,,,         Poverty,,Poverty,Poverty
,,,,,,,,,,,,,,
3,,Health care,,,,,,,,,      Health care,,Health care,Health care
4,,Pandemic,,,,,,,,,         Pandemic,,Pandemic,Pandemic
3,,Science,,,,,,,,,      Science,,Science,Science
3,,Technology,,,,,,,,,      Technology,,Technology,Technology
4,,Industry,,,,,,,,,         Industry,,Industry,Industry
4,,Online community,,,,,,,,,         Online community,,Online community,Online community
3,,Media, ,,,,,,,,      Media,,Media,Media
4,,News,,,,,,,,,         News,,News,News
4,,Advertizing,,,,,,,,,         Advertizing,,Advertizing,Advertizing
4,,Internet,,,,,,,,,         Internet,,Internet,Internet
4,,Social media,,,,,,,,,         Social media,,Social media,Social media
,,,,,,,,,,,,,,
,,,,,,,,,,,,,,
1,,Language,,,,,,,,,Language,,Language,Language
2,,Pāli,,,,,,,,,   Pāli,,Pāli,Pāli
2,,Thai,,,,,,,,,   Thai,,Thai,Thai
3,,Question in Thai,,,,,,,,,      Question in Thai,,Question in Thai,Question in Thai
3,,Thai audio,,,,,,,,,      Thai audio,,Thai audio,Thai audio
2,,Translation,,,,,,,,,   Translation,,Translation,Translation
2,,Etymology,,,,,,,,,   Etymology,,Etymology,Etymology
,,,,,,,,,,,,,,
,,,,,,,,,,,,,,
1,,New unsorted tags,,,,,,,,,New unsorted tags,,New unsorted tags,New unsorted tags